x,y
-25.091976230527507,-120.12797105997149
90.14286128198324,359.1703852725647
46.39878836228101,196.94312748495778
19.73169683940732,136.95292049333898
-68.79627191151269,-260.3310412750227
-68.80109593275947,-219.10343095325078
-88.3832775663601,-357.5925612535921
73.23522915498702,311.3980411386903
20.223002348641756,116.72406724225225
41.61451555920911,190.44105550861042
-95.88310114083951,-315.50990242509124
93.98197043239887,369.67554105283557
66.48852816008434,332.926803975725
-57.53217786434477,-195.6173353773074
-63.635006558579875,-195.79026376952532
-63.31909802931324,-255.9231580616668
-39.15155140809246,-160.44347800824022
4.951286326447573,42.220166797231876
-13.610996271576852,27.558190384576378
-41.754171960391616,-138.95364307394928
22.370578944475895,86.50119984005944
-72.10122786959164,-252.69855976878947
-41.57107029295637,-152.23657956756344
-26.727631341261656,-58.79813690897472
-8.786003156592813,-85.61389330700707
57.03519227860272,283.6701518084459
-60.06524356832805,-223.4994673956212
2.8468876827223255,66.05928116143521
18.482913772408494,21.190268333735936
-90.70991745600045,-264.0427045686907
21.50897038028768,128.87862672173173
-65.8951752625417,-191.42300981860114
-86.9896814029441,-334.18531100029395
89.77710745066665,346.6972855572371
93.12640661491187,286.7896139154721
61.67946962329222,223.2399809267135
-39.07724616532586,-65.29970653087422
-80.46557719872322,-221.79442384199422
36.846605302431385,149.7222656855315
-11.969501252079738,-70.63358317842118
-75.59235303104424,-212.29384999994517
-0.9646179777459594,17.592898962790404
-93.12229577695632,-421.9438151308683
81.8640804157564,345.6557727709733
-48.24400367999662,-150.06565457347276
32.50445687079639,193.88816144694096
-37.65778478211781,-166.56577267955257
4.0136042355621555,-124.78757583533248
9.342055868655933,66.65138845755503
-63.02910889489459,-186.02369729803243
93.91692555291172,264.17565805486845
55.02656467222292,163.66799905944993
87.89978831283781,465.4101462809274
78.96547008552977,281.09861459166405
19.579995762217024,125.07793398657037
84.37484700462338,282.77897314776266
-82.3014995896161,-372.5703935063142
-60.80342751617096,-201.32490864639362
-90.95454221789238,-311.6211257769286
-34.933933847347134,-122.26268039913354
-22.2645420621036,-63.657938992682226
-45.730193645220815,-126.84226417599102
65.74750183038586,242.61040884366017
-28.64933466128214,-143.4729797118557
-43.81309806252385,-109.03660364073652
8.539216631649694,-47.58132955534723
-71.81515500504747,-333.87091538187616
60.43939615080794,268.49691126290617
-85.08987126404584,-252.46353581739257
97.37738732010345,357.95108736666026
54.44895385933148,140.7989132699066
-60.25686369316552,-226.29456995978308
-98.89557657527952,-339.2718553978035
63.09228569096683,161.02830148967826
41.37146876952343,127.84870779217039
45.80143360819747,212.92153453752513
54.25406933718915,281.25451089462285
-85.19106965318193,-299.1404814190643
-28.306854291145484,-41.24957230320427
-76.82618809497406,-344.5946618617825
72.6206851751187,307.14496016859596
24.659625365511587,66.11126804291649
-33.82039502947016,-83.00410176774707
-87.28832994279527,-297.8967757117689
-37.80353565686756,-46.29167430984475
-34.96333559465059,-146.09345699827298
45.92123566761282,212.10463971473644
27.511494271042622,102.31485678382249
77.44254851526532,283.1336459029454
-5.557014967610144,-8.642247044595987
-76.08115081233966,-288.56768306789445
42.648957444599006,168.56640276076297
52.157009723379474,199.4171229257371
12.255439513899248,74.95605071898383
54.19343599091221,213.90228325283584
-1.2408807271218478,55.55664493568535
4.546565876398816,82.08841136976429
-14.491796328290079,-83.25245324040533
-94.91617465118097,-268.7679862495948
-78.42171460133912,-313.79282246017965
-93.71416286265315,-278.60677561239925
27.282082252756084,146.47422711978973
-37.128803784734664,-205.51665782969653
1.714138232940556,30.648446141762427
81.51329478521859,281.8717260802493
-50.141554170225014,-193.4337024925563
-17.92341539287405,24.8106626598911
51.11022770860973,166.2018399482631
-54.24036690167551,-210.16013061176676
-84.6040180342414,-272.3293161195902
-42.0497094172464,-92.89449564544157
-67.75574254919911,-224.22752822270323
85.93953046851462,379.1068839232638
61.6240759128834,262.2330487932964
26.680751302084687,4.472063570724899
74.29211803754353,253.54906495605192
60.734415379822906,204.4783488617952
-62.68598822279283,-175.43291110830378
78.51179969799554,163.5504461242788
7.8684483831301435,174.99005477684162
61.4880310328125,261.75941335955423
79.21825998469865,304.7077501423298
-36.39930500562723,-48.31918169873797
-77.98961509446465,-135.78095018999505
-54.41296749161167,-126.90805399122068
-14.578442274748738,16.416106861960415
63.60295318449863,249.14483736896432
72.1461166512687,265.43512061109305
-98.60957389376186,-348.9232808284116
2.149460515513141,-13.782487781431108
-16.517799370244205,-72.16300278082959
-55.57843790585395,-242.052330887638
-76.02692653326343,-249.88781540067316
-32.4769657192744,-177.90275887877976
88.58194078250384,339.582618945949
-35.35941359584895,-105.57447798758841
3.7581243486732205,40.50020013969066
40.60379177903556,136.00669272562484
-27.2740795241412,78.38374017453097
94.35641654419214,418.25325291368813
92.48945898842226,281.48598145524176
-49.643540834927165,-142.10898855090016
-0.5502988215229152,-12.326353022196383
-39.82433803664607,-170.10916946363193
-43.031901124506476,-197.61525749196943
-92.62261052909344,-282.5683023138643
21.91286679597937,62.62602203244909
0.535804645772302,70.26661746146326
-89.70424975000213,-244.27576339848548
-44.270707152677716,-66.25175577379954
81.65317719333075,263.16678187295247
-52.08762186660552,-138.5383959985188
-71.02102558175538,-196.95087870402878
-2.1094479444873997,-11.091976560904143
97.13009082212014,321.36672000777673
-51.58894569769992,-80.08527665315108
34.427109481175705,151.86967697071765
52.323923065743514,234.93211826568918
-52.472491201520064,-204.7575197967166
45.64326972237191,118.78722070219202
-26.44337345614936,-101.02429582112829
26.461166118715894,106.41301204600579
26.705942152178935,60.259797191758835
7.1549368149516965,44.550038419811784
-81.94204598911834,-351.2224203653392
67.0604991178476,198.70937578897298
-35.843987005652835,-71.90839210594118
-62.69629792002915,-169.2475167062073
-91.84497168904721,-321.05123918100855
18.17858863764836,32.736844777921604
35.51287236845647,92.92487571329711
-96.68243421442877,-337.05193204756637
2.4186116598561966,60.691065391761256
-54.70084496041241,-125.04067279422722
29.03455808188997,96.79436651251643
-65.12671419900171,-265.6181209957452
38.18754762049318,167.04859856504277
-22.652930739892525,-100.46200612091631
87.3459977473469,299.79836017265404
-72.49581117080135,-167.47153457595283
-31.786729789948296,-49.89778283653063
-77.30529575188218,-242.66981951901505
84.93872365571255,253.68958273935777
75.46787067619621,294.70737574021973
-48.41167445696888,-96.30799606001477
31.99680920683582,113.2071489356486
63.444440040243165,309.61124464018684
11.04016231989246,123.27783259553397
5.930115671201293,123.9420464563782
-51.62954181990966,-145.44124004311618
-81.37944643882015,-235.4584775455699
79.44315159066534,368.76039498388315
80.08361143266609,322.6623368677801
26.620291454653582,88.10931470177691
-32.19404179025986,-115.10628809230258
-30.158085077467817,-73.62555008245039
45.191135774047865,113.64090411185657
79.42205199051543,290.81423619859436
77.41728485302346,345.7878528970948
55.975109171524764,106.35018954207263
28.40632923085755,196.1462573977272
-83.17200700099023,-214.98331356830784
-67.67425718107725,-239.8481309252942
79.71083770541586,326.15747336254594
21.28581193191799,94.6577281070293
-98.16058967667406,-262.0625454464251
-79.70569142679358,-209.83576285528045
32.70035382161117,64.44770221648864
-98.98768323075626,-297.0937706344381
-67.83838971650027,-227.71575668991335
9.746757873317222,58.25528108251527
38.37903953853865,117.91804333639448
30.392251900520108,213.77973510786217
-55.14613810788804,-121.00839238247936
42.435844269507186,131.5368967446268
-52.550182500639984,-230.65616909775156
-34.92006036814645,-121.50384283740499
49.29828102360483,214.26911588718218
29.926579809442927,136.7533215303614
69.84468209883559,327.11302858433675
31.522578460068672,169.82501071928297
13.661720667094329,116.2944736224755
-81.2650464343815,-248.0848924898134
-26.456839388113295,-142.06387436894605
-46.95952646365491,-154.14326918013725
-51.20207132418329,-106.20276263920823
94.6021109504891,348.5312419004796
-21.380455066647926,-29.677074302080403
78.40931103542266,278.49517286167264
26.22772519945258,60.30644577099177
58.962260708329694,220.2007092768484
0.5274186210384215,37.29833732526717
15.380776925271817,41.04833326537918
-1.4964612362272192,2.976823430371308
-60.9514024403911,-240.30307064066795
44.490423052301054,231.6787265612585
-43.84552751182884,-148.18213417080264
-95.13680671370923,-240.34104624167315
29.094459181433564,198.2679996620629
-64.57786411859021,-210.0748226511529
88.09171687058287,277.8985724196726
90.78571540051746,233.45511001514427
82.9728780440897,236.80321950297434
-25.968259948911125,-139.58065106612196
-96.90867669422651,-250.25688705671757
85.66371251754506,325.61422317275503
-14.363170336537138,-10.790869973280593
93.33096380873391,235.63732288381237
92.72399541785057,284.6356625016139
70.601891093472,311.4606076494664
-41.110221586082865,-109.54706993216072
-22.980454279614946,-67.79185391293217
70.22733430337138,294.03778799180594
-36.615598968744465,-26.36470608381488
-66.1014506627815,-222.40720049658776
11.360252491670025,63.229373853748555
87.23095483215619,334.9381878491119
39.20595933499459,276.82633943618066
14.012234017872998,-35.92499415839579
-80.5647012458463,-227.8153036210216
23.00144533983395,94.76494625146564
98.01077002085265,391.37628138219327
-71.9831969526952,-264.8098170341694
3.6659304727473483,30.382505111693206
75.47461438559108,319.73167932284355
48.15372355084088,344.1835424801351
39.40314819905359,198.31282816679112
40.49681679742184,119.33557888945103
-28.101769756048967,-99.54417824730655
-41.28163114710133,-147.15641443404735
61.872231095702716,146.77065020345876
62.022678935836154,220.57486669035467
73.41446371602075,313.5920770971599
82.64811051129425,245.55678083569012
2.268479772187561,80.36381175518608
0.30325893743992083,45.45014733525663
59.65903579335503,192.09495917819072
29.992786155553034,117.89826967754325
40.39337545154066,241.29290446244397
59.158533887220216,263.73225928056405
78.00106836351327,293.44292201720384
-32.40096862969284,-105.28755605197415
-24.883409472011195,-63.26147962945621
-81.2036120318262,-289.8008200085069
15.656028199234797,-30.441376588628955
-92.81154524065158,-202.73151281554397
-6.880396373507963,3.6848626526922015
8.528926941515323,69.75860755143049
-42.69174957434312,-132.31651100404636
18.166652113802144,46.8274423620781
-93.89995001219012,-317.94604909010394
-92.53036225015711,-383.8260059852654
64.52011213193165,359.674717364426
-27.961871717747428,-139.59215093323579
-74.58789746962304,-292.65595533603965
4.4486520109608705,13.557321819043025
53.998710619722175,273.3992734116465
-56.835794500631366,-178.19983078907705
24.578095163800057,44.21654327177707
-82.9305070012464,-207.53985646649542
-89.66365576627845,-257.2727638427005
6.270926313629602,68.86998995852622
8.127024322021299,84.23129718561657
27.485980299641312,235.91902607786713
45.218266744532315,287.5186783576687
95.17041589250692,318.76068847360943
3.2600696602390684,112.60449345139435
-35.4087054117508,-84.77205945318278
59.03723895374074,251.58512714498008
-45.83354974758515,-225.03096569871445
-12.205715858872779,-31.239293775464525
-84.3087237315468,-315.72171257724204
-94.9298513169085,-270.8515388645143
92.52968293558502,397.4079152946878
67.19602410244116,151.4617668077285
39.19484121873958,156.080201065375
-18.20941111714602,12.360136329701547
-65.34113598583085,-218.0279240660802
-68.7125914657828,-184.04088788012155
-49.951420367080935,-137.27169790342907
9.8453329412241,71.54167689191567
42.91918454001248,156.6513969866288
32.03947534354626,71.30912349562642
-44.01322061081143,-190.12277950909137
90.97305613263882,373.8733221870017
47.57938333915371,187.50075446298214
10.870810502280136,51.12222452761924
22.344149246870444,77.01002024792892
-16.079987514442024,-51.53939857458467
-50.45380209976851,-104.24271762478281
-28.805464269747688,-97.58132903751824
51.569222092873815,133.43904165997992
-97.12130227404883,-282.7419691821622
-76.78547189861675,-258.9929848383945
-90.79947159564945,-296.2283573081342
-91.85423953620597,-221.11092305674532
71.09211680220145,267.79438094017974
40.73157187600472,177.01968522195278
-5.1652341825349595,-57.02449420378862
-80.4331678697997,-272.49956016184694
-1.676824976633526,44.60741484221272
-5.3056458438868646,-76.33844714566615
-65.35962601799696,-198.71643640720387
-13.22967015240539,-21.264291901178552
-20.299053120525315,-48.98231314246663
23.17001961044329,152.95301356946368
27.018730173528766,131.28748134977675
-90.9391980455911,-224.38359824174665
-25.077477074705754,-117.45064554117195
25.17198314284728,114.89816936088287
0.6272517160175397,26.41872032555876
71.29796823766446,216.0801641440716
31.738726323788995,178.90029223782878
-67.41311458371406,-99.71223575035833
-85.88625051991403,-281.4521805438907
28.48385564126312,144.94454915810925
-94.69773789167564,-307.2161588300984
17.155116254692658,44.363673396065515
88.04604828499151,237.1231551073695
15.094835575175793,37.54325035834701
-22.366014758695613,-127.87897070302122
28.657643688470642,205.50685681260313
-8.349421901696672,-14.978461352100311
9.123357863186982,34.6357860687959
88.29296175530504,373.48305738295795
-22.77947243984515,-115.81570868225242
92.23811276478284,304.49019277651234
81.07012839121273,307.1490628316756
-60.841773042140716,-141.50775607631846
-86.12773982496691,-256.36283712894476
-79.84439972451467,-247.03914191000723
-96.35563486969005,-313.33883528211436
-81.11140784881432,-243.87813469451137
36.60135468327138,158.18738664791258
-85.7622703079542,-331.66655981668646
-36.20487394124774,-104.41309771270953
68.97506219389092,207.72828473273057
-95.34561285283483,-309.6555178398807
62.89369651778716,216.095540737843
-43.62904504532001,-5.7325765194769644
-76.36703447566875,-249.27933985242618
39.34743307283014,87.50403744182606
25.788569355976804,103.5509822120726
75.49440270541058,310.19834675083143
47.014208760777166,268.2179279703463
60.696186076969724,202.9640312724581
-43.593085485738705,-211.6971979012675
-64.51209124405543,-164.95046878264492
50.12295032817167,126.40039085361828
61.366947853452814,212.9765454117106
98.10102840013465,350.4725751249216
-17.476464617714697,-44.649298827006845
-25.596382841443372,-35.12911709133503
55.282592148399374,179.30735840507842
-31.839291949396426,-105.12398443122552
86.15146512071294,320.8166102750259
71.68255036860236,278.36882416604766
-14.201194524996325,-24.812822102091005
50.17421355829947,217.41003621517714
50.908574816936465,240.37198734136447
-79.37522623281347,-238.18158603229875
80.51058133591334,324.46631085115763
1.0504744895714282,-55.43449762382389
65.29149322154834,251.03161123370322
-35.990079793877655,-81.98990187849135
79.10464569924011,333.3133196758629
-22.159664253167378,-92.17636359777555
-97.83246970394033,-355.3656077082234
81.07639528385272,275.06234972930463
-81.74266464277329,-239.27863125513935
-36.13727248191702,-54.78640094049915
90.012393410161,314.67037157098343
90.12142938751123,380.8231185376418
14.687577624657223,77.58051214452999
26.36744243395985,106.07175966073765
-10.31089560433604,-26.657346106074584
-41.35784566038709,-87.42189158124695
-34.267090926016806,-83.65592740170531
34.503691215407684,254.55419063630876
50.47490588753601,154.05093845650984
58.315808745169704,250.01041570959276
57.923628558910764,196.27264946561203
-81.75877939026194,-309.620077215349
-1.1159390594837078,15.550856440058416
-88.48824799667115,-282.8412440179972
9.905776464747106,200.5788953796195
-11.693899725324599,-30.135939822796196
77.54083655165996,234.8839914565757
-29.816997489584267,-70.70895533882566
-76.58659671447883,-351.7850903779943
-71.40166358943283,-234.5036616932282
52.30212634349445,203.8587063169886
23.643612663252213,142.48266346864332
-79.77546477544195,-210.53301424265447
-83.17863877700051,-296.3037166648877
40.193826291823996,153.14769128988735
-85.4473987271613,-317.3719370755981
64.37201185807123,188.89891376286462
41.248445431299245,179.86429797857906
-83.73024387162005,-336.7351309805001
-83.03245718296162,-291.3449451689589
97.32791570023508,310.8890069558609
-25.145840848775933,-40.52628365620277
-25.871570586621814,19.521007910148057
62.559913451500506,173.8802979400852
89.44971547677173,240.4230800238226
97.20021276457419,353.9564004085063
50.67563705178833,198.14961947914708
-24.748082893816843,-55.685324790494064
-83.29985666026624,-293.8655240726491
55.42938318548735,203.97087620793414
11.680849947161008,79.25849534209364
-15.155598150604746,18.976951105125337
81.2708770189472,206.69563105040106
-77.76050353876974,-270.6087343372672
-1.4749791418281717,25.52801270065457
-97.72927104651619,-367.9512538933435
-6.267871601174747,84.62093098425336
-88.73934486363252,-322.3582010341507
-76.23641674638561,-248.89209296271378
-76.49475064457903,-219.9305224139121
29.8420604232127,94.88297204114973
49.20897585308467,99.90276309557548
16.673753019431928,56.92540922218508
92.43450969490837,394.99281172853136
-25.025884095259187,-84.43535067266409
-42.85758274362785,-172.3232546756464
73.71982563789206,324.30300020775826
-55.28083229610947,-190.0216578375358
92.64450788812226,318.7477369259171
-97.56910506203673,-314.0190632339631
93.97576534152782,387.45268917628675
-91.36801760988477,-180.70238504796941
78.22862273961422,335.16198497152095
5.540221817259976,97.38277467982712
98.59295922386008,339.77704733411747
-85.24068705292022,-329.6358099836946
10.770856880264162,60.81456656188072
93.86050712381979,353.87027069634905
4.619568834029764,-17.75714614912569
25.879727627052503,101.81432019948312
39.14973779692343,176.98996237518855
-9.091787046445347,6.198415088345293
25.511616016812695,134.50504872805806
16.862862384620044,93.5682548530423
80.23160209819778,275.46017438018947
-90.91072393170842,-323.88256509342165
-43.80736208155393,-193.27333718513256
90.08229681531174,424.5267908128458
78.05275677818327,293.8571669546061
-8.868649442857418,-22.28292583974356
24.02651956030735,57.65321438845279
-44.523763403773465,10.949723203181776
-62.37576805524774,-251.98158980451186
-7.260319012003563,-26.85351282231614
-29.32955439478944,-61.86159856746001
16.731222370174407,108.56992658282431
-84.45307260700304,-227.6891513637264
94.87896153323331,442.4567907547797
97.24214889592056,385.6554039087576
39.63234280394903,105.91165981548822
7.219273268824082,32.42020018479521
-38.09447674273445,-97.93904997387632
62.75900394138972,343.0678158701552
36.94623451077587,79.42154686650068
-67.47661213102174,-156.03931719731472
82.1854368987685,316.6447476230106
64.5074485846338,287.66759680769235
89.9599826583848,329.76020347255024
45.143901677672005,135.8820243655357
22.683039187157974,136.9342761251195
-16.351392741876225,-4.50832324128573
86.54569667080264,371.51278663479536
73.21277790008168,275.5794908813541
-90.95626597876212,-328.3380320916599
-94.7266051005496,-389.4824676031157
-24.707326624390078,-25.50697977839495
62.11066615636659,258.5818056694824
97.4552258629889,312.8041588772632
-69.91662177929436,-251.63685989236149
18.826143070427023,62.55356014892256
-23.821828673795693,-137.52562195740583
93.98287956292063,308.0559586399655
68.42378462714174,202.7917283546784
67.66574094222756,236.20614270339962
-6.261368041005937,-38.84966305999892
-17.036099532466963,-120.9765944069718
-45.31858561385875,-37.48553812003155
-88.72490066981457,-227.91011579288946
72.94447525101063,236.3546923025379
62.580201826015525,252.65177622373483
99.94353465722611,390.67562579135614
99.32736741478107,427.20007869040757
11.08634112052549,17.87194258883528
53.79748303610211,262.8965298254787
88.95314597648562,303.9407457073529
69.9294781354823,197.96005326575738
-50.53037965136047,-120.64950081403677
-9.891172937981295,49.91881592318688
-74.168116969701,-110.19296071741925
90.81020545174448,277.84945582659503
21.234926890176013,129.2682283696555
-54.271438899307455,-190.44009833725275
34.34013688117133,179.35841461030122
23.625648091579166,29.165290758964545
-28.367456393431894,-142.42458616193983
-77.28848156007419,-289.30342661858384
34.31463911855991,144.0494391983639
4.061540180758655,2.1613273057375224
54.46367834712785,243.57559141061847
4.032700222398674,85.45918169129108
70.43630006370802,296.50592728524583
10.381367754897113,137.2741691251833
12.187594307077248,83.44791154753752
75.33072053166902,222.81268634383318
-19.303426757520597,20.606832025594898
-73.19695430987186,-266.4471518648513
-94.2434647373322,-264.3312015963842
51.027451134723805,277.2827897992886
24.061910270692934,127.05108648394523
40.81595361984472,88.04789701122404
-57.407167698217854,-226.83569526925208
-72.72570488264606,-168.40274374500444
-97.09106686642362,-328.27486831462346
-29.882488238680608,-80.61003208827384
17.983537370926612,120.88360160642361
-21.551190980053534,-20.61302532617119
-12.505015595254193,-9.82756396411664
80.83173889874968,292.47766758460057
-30.348906595339926,-101.8545953703076
2.7978978319621604,72.68758367643471
56.7306025482286,246.23558547218977
-20.691443535745975,-65.28505240600039
24.417340045574704,159.5663058091685
72.47274174934904,267.20289036623245
89.90412473152841,292.08132784362977
-70.58530381419241,-264.9970982948407
85.31752503229887,269.67429579755776
-1.576741384092358,0.8609043254923865
-48.35112234020833,-87.54271427391949
-8.172848752347733,-48.859729684742504
96.00651505709541,365.4465907507391
-1.4763812014260793,-18.00180148636194
-34.24967794249835,-112.8893248623161
26.680170863345154,37.87853742244543
-51.970876244361385,-172.92497831309174
-84.82733437826721,-286.58093931418335
-74.22405561787016,-212.76979746076083
-74.39083220844552,-229.20386706679076
-69.61946129754114,-283.58772078899625
-72.23456547011797,-178.61106694323576
28.174948960642922,129.12747337335
-63.62398312017103,-192.76426506172427
-30.866543335227362,-88.49201934255271
79.35768198120238,271.86401457309734
-5.207671947425524,12.66326517144697
33.51154770420544,161.06983876114816
-65.53602575967403,-296.72087472613686
-61.542196238265845,-222.33572870123524
-91.82627674670422,-314.1393171336442
-66.21298738556709,-198.93692556477092
-44.28193219360828,-75.32121238127269
-64.59790314465064,-244.67970173611636
-82.25949324858888,-292.8063187109532
-75.87282577987983,-271.1815957619069
-7.844246393454853,-47.531241882319065
-58.7332563188415,-202.92572187155838
-27.146027790384906,-36.47098626694862
0.6834541709713733,-30.299685169817472
38.07896572587305,174.66709979820084
-92.13757203178021,-387.5766136121475
59.88207978180853,201.52037941421955
25.580077898181557,93.05580763273613
-83.64819361022562,-189.02569399008644
74.71572482135545,267.76492163710964
84.17448010636264,204.54850669972336
-87.78440802902725,-387.1898734446579
-44.62447037055925,-134.48416697962332
61.240255958612266,265.0294386446384
49.65193807673168,212.55457614992355
-63.09579612872454,-192.45678116048637
-58.13013533265794,-125.34249378901947
-25.905579441723603,-97.64908908288919
-3.0954029617957417,53.911617435056165
23.65095430605919,21.177595819886307
-26.21727208604551,-117.0078439480626
-7.4930567733704265,-96.5777684533873
49.49418762675131,179.48739166013996
-92.66335942188041,-306.63481883989857
-49.51261113119585,-147.58906434785948
42.669917176910474,172.43887776354342
79.04136753743987,250.26711984045312
2.335488423133228,18.662167260305516
6.422697053063132,-32.392893744566464
-78.5655977320448,-186.81814330554425
-10.517526635309068,-31.992646868481785
6.523453291004628,18.38778056633164
-51.50589927305407,-80.8236310334851
-46.15135381012381,-203.6420650128948
-24.54316737907547,-122.18044152836259
-95.98576044445473,-370.7611777990198
-35.58416688336435,-107.93815317674931
-57.71039860069107,-160.4048136205389
-34.500529564417064,-63.76808006956804
-76.04757363614976,-117.56674185177573
78.105456147979,180.8974738078883
18.718490710809732,115.95149694405491
35.820463828897914,117.51509477253114
57.83424772146765,193.0991095806981
-0.31156021418854607,-12.079067162353791
-82.61594238251526,-314.5942818792021
7.4213083637095565,130.20082100315602
17.368223604175824,122.90364896531052
49.087894836865985,192.96743085689968
-13.668090754064124,39.71246998512559
-74.48393944088724,-316.32023630804906
-43.24481884025511,-197.89212250743918
-27.383540720272975,-184.74077913068982
29.183448266320255,87.17134192595651
14.155660933782372,77.62973960347594
-28.780654820430755,-75.58936297489093
97.30304975859593,368.02776970807975
21.154963871377433,23.489531996516916
-52.5546416528011,-123.78350865410277
-79.64350547591926,-246.7708932537675
-69.4281721631336,-186.34588849766766
-50.808454323098374,-252.4676990103469
-67.86372534808886,-201.94849577842155
-62.686595189738846,-258.7913451599623
-42.98096626123058,-150.2995445418751
-65.32528094104904,-181.92023836185248
79.35308492528503,302.2904775512933
-83.95325086767156,-316.4133770258164
4.902277914050927,37.47163050839916
-17.920634602067693,-119.29898686941908
96.47572338172128,415.1784016309393
-77.59221956638953,-261.83696945717594
-20.42888019085167,4.4264165447854396
93.89408665507378,322.30271893795606
73.10142517879606,249.6761887054571
63.41441418985599,203.74111033260365
-48.419434591012035,-105.65932448388835
-65.82248252198684,-245.85024669337776
33.72864398488619,170.2800255678605
85.87519782551715,301.4405725058455
11.352578602785954,-39.06413988483015
14.32253789397997,41.61317923960658
-44.00418126794317,-192.9700451559435
53.89858663838737,210.34018941847268
-62.591250288495324,-258.58976279345814
-35.26415271915127,-57.12577948129861
-14.912712276716647,-36.74828598615962
1.5220757368909972,16.44746534118154
-51.518053516983954,-127.5185804200647
-77.03263505215929,-201.4188759787644
22.124008488326524,96.42909212066026
-42.273889351948846,-166.51862770928548
16.24764428452245,-11.831725809777879
-69.12745694515954,-256.24858715981736
-3.771979629036508,-24.06254103402586
6.517886510317169,48.16547543572493
-89.63529263551462,-310.98086828120256
-32.67914436121589,-59.98035666168421
-73.11706461220516,-266.55888970625256
-87.32500590544645,-288.4895790117096
97.99204647798905,422.1715348328061
-35.52923100505541,-87.2610478199456
61.974889170926986,233.91023501381622
-49.07186904724723,-181.84876376212418
36.30054444478586,115.39033572100166
52.0455719779373,159.62883927518317
19.127748121568857,59.89677513634603
-5.684762289968319,37.88662392232661
-17.6318171705463,-52.80577366152548
-30.226346691400934,-153.28086688896485
85.90582884956518,409.0788656264673
66.12388155754581,267.4318450086685
93.0053821333025,275.17166744090025
-75.14055530289106,-265.0843899221599
46.17349504072885,187.15155178397185
87.66809136420756,412.0679244395953
-63.75338676686797,-258.5424765969814
-86.70074652664451,-234.65057687545846
48.22412985801182,258.7587758516585
14.894622635982387,40.698463972209844
68.3657553516544,245.40446278777875
-72.0455246747421,-283.9747987302859
59.05346237197804,216.5140612479079
-59.67453599045109,-190.69037468372537
-67.2688114268591,-182.45834008988834
-67.14684041380141,-160.5047678972826
62.91494404627642,202.7975009308851
33.03944413924003,37.27180127604041
4.613084953823858,35.083558374571396
-28.233903175299503,-64.14178461511624
75.44010816262164,296.51126295342783
-21.510978515472928,-71.62208717960746
63.31988789431543,247.8572126133007
-12.173018285956317,53.16667641676527
-24.61111411501848,-47.05219095443921
-7.464042866078714,-24.79257128142972
-39.72442516717158,-144.0453789399003
49.521876035250216,184.83394823948922
0.5440780184958243,103.74127115626737
-53.55746097063654,-176.61614887353775
79.9149146549137,298.7124840661626
-23.221755725357724,-85.39182358556718
8.710572222797722,105.43617065189027
81.2944221929094,402.5223404124166
24.84759918279842,129.49724961136388
-76.62039185832718,-244.03272631487386
87.96642472269502,329.72162818814434
25.54161061428357,-9.819702289294781
-33.01887706858278,-58.30852652579887
-72.14558546732255,-225.80122833583673
58.80503785405921,247.23473502224348
24.0145511857027,68.4778194457742
6.692218395264305,24.199920434570487
78.77851661019153,275.1735613105117
57.71944224490616,273.0991970608235
-69.66502405344977,-242.76557601722885
-37.65558644089035,-7.661536437626339
-50.30217203710685,-134.5144811791221
48.78925851453539,126.97827180108729
-93.29351305284412,-312.95461034755226
13.9779369742633,36.33902330210078
52.4917371481381,94.00195652748214
75.3531273523499,363.7094927389141
-31.5836502568185,-55.38564878786456
64.25146093440256,271.5404791653746
-77.87365260895855,-244.28760111636973
69.29045834690365,193.4157257795409
-74.50226753360351,-264.9387933453841
-20.542541887926546,-9.80985786854228
59.459073155910716,175.54575455656237
-70.01651453024525,-351.64626666839905
-54.1497209534717,-180.87932372619724
44.45051367861325,168.48892017376946
44.007307309214866,180.80374640298749
28.22952657705946,155.22927519543492
38.78968889341999,187.6442017385304
8.544888669519239,62.84560060551342
-49.64018821860945,-93.9640893607976
-30.860801299216106,-163.9612935879221
-63.68045663971487,-177.65250751513253
81.69011226672566,337.2423111003869
16.67835895322409,16.396142032272344
-19.829716647272022,-124.54753869957155
-7.5988392711734605,-43.893043772887175
89.45666792236307,300.02126560250616
-69.32971937678396,-184.98304464362232
17.245966403359446,49.63394322720332
1.1777357768932006,-18.695350694933992
22.29084708692956,67.4362779695255
-96.3779632358319,-261.39125461770107
74.4247817888303,281.1389049797537
86.42365649672249,313.5202464706831
13.026636717841782,60.09295357739367
39.33016477537845,222.2585934301507
84.49987623545914,278.29098049394486
41.44772686267973,230.84245856638427
-69.49219141714772,-212.69785501394182
15.257672033362638,65.38088301800185
21.34300927657118,219.7455573647132
-15.173865739522796,-85.8905045782596
47.28884712494457,167.82667695895566
86.87340295380298,262.43534838011044
85.11370258135526,365.52105756155186
-9.832125719173575,70.04700666547643
-77.35239083184895,-167.23722884123936
96.9682397924669,420.5862769309344
67.77961728918683,247.34763712235562
-75.06746375934662,-260.9981720322055
84.16837652347448,231.03082920745737
73.97927241242564,380.7211302025794
3.767611425214426,56.63554389567388
18.25508714898585,59.29495977797632
-20.199459225973953,15.704737158439542
-89.04767223559374,-340.3050786625781
-32.96055167081981,-75.03082913673563
60.570689719602285,223.36595730406626
-99.07359539907942,-294.8237269027629
-33.30016566177116,-99.72925677550514
-20.366261281811333,-123.82830904190088
7.479120587584575,49.955740690047904
83.9711232825521,366.3421385827005
-30.730801126807748,-89.01862423652638
-30.60935962075446,-48.37700259318632
47.50024962194968,133.9743993931212
-9.55641182203857,-14.7604810406276
-55.079035412003606,-204.0021466964415
-9.512096773461323,24.05670329812086
-71.82859592404003,-229.82550762104032
-64.72260269875534,-172.02542562881305
-0.3264454521040534,73.24296222552911
-16.214910099090417,-2.171256590747042
82.96918021362,324.04805246235225
-27.52122017667338,-126.2348835439271
16.117670055608684,76.27253966128532
26.45285758390608,85.93048144287962
-97.38110868233328,-338.03707822337776
32.70747440334213,115.74945287418493
-64.39280662604972,-254.37110193028624
92.21406349389102,244.88229277191908
-70.26745444937741,-259.3432429892093
-17.07517525459525,-30.09414079487543
-82.93006638427123,-337.66408461632386
99.37485036918946,368.5960881157443
0.4390020662485199,116.54992844741805
19.077003464008754,137.9223398866426
-86.5847045223145,-200.8693903720743
49.99209407983557,214.5287231260608
-58.018881380882846,-124.69059368376767
79.61085788814276,262.4397660851103
-58.97207190359857,-218.6192650136942
-61.86245586726669,-333.475605842307
-92.69006643038102,-245.10795880421867
-5.586610978000152,77.46306056799376
12.968226652523285,37.72993101646799
-86.85827211432952,-296.70153772001504
55.105523339002104,175.1762260019593
-9.342233050394483,6.434861897493889
4.878053865516009,93.31981579446807
-11.847450612354365,-108.60467583729232
-19.8473878249348,-28.99393085515918
11.928066261643579,47.914643329795254
-68.95195081385751,-215.66210825016682
-63.61437390094578,-179.70060856959566
72.35712420270346,263.839812770821
89.22309242672654,327.10148082325384
-25.338136744049407,-79.37723698190487
-45.851065371289245,-91.96291871009831
28.799908647803164,141.7376782736859
-18.253165780380726,-32.856903344464506
-94.92272886793103,-375.77713709237275
-68.76948052676192,-239.62216900432443
43.1944457694795,216.11401821013698
31.784788382030285,133.13158799330213
-94.5808014993033,-278.0562317681046
-55.60556761341011,-86.29389663055369
-53.78504068238572,-116.31733892790919
34.37854871974568,144.98283740409698
-96.05789244912717,-341.75208208173143
-79.17828360308523,-384.8014724135933
59.98321707463788,221.52201363758994
-64.29106758913328,-221.31936135280893
30.549221570374954,146.44058521608113
-52.3634437906547,-170.96731461602585
-80.11172144813096,-276.41027804029807
-51.365561800109184,-248.7494128257432
44.45338637113184,128.58846084145813
71.13929362125714,292.82007971442783
66.0439729133983,336.9492867535288
-20.563294076309035,-56.847798454362795
33.617027314129245,154.05014927815853
-59.003140916835804,-138.88708536128502
-41.370453947797344,-165.3412856273032
79.26716370422395,315.7757751290559
-97.39961529785279,-357.9231588590927
-82.8982938291064,-226.90280647732183
-58.42274897079454,-176.90946900019424
-94.69355922523606,-296.5048665892542
-63.712912982040535,-242.12512530807135
16.60831219393843,113.48071065932375
-15.715089881500404,69.23283147629938
78.53434221539496,244.47461298247202
63.48871234768819,225.22254283453248
-31.6365296604248,-79.1474801030822
-48.1153133137415,-109.08328599830443
-24.061518366546622,-92.19262854738662
18.058988502961554,-58.44505474677155
-46.38727183542475,-74.39597671578535
24.829781569826807,144.92954147360095
-18.11766956175191,-130.55921999046495
10.409436170396049,26.054587007408376
-12.774694172936663,53.69769187108799
-41.10684809161646,-51.4841473977643
89.69066139243134,380.8493160074569
52.72115883195215,195.7184342138394
-71.97736484670949,-227.77140602285772
73.69359517958256,271.3812928722326
-2.5137603500972716,67.61382793810142
78.91044537881828,252.39443850110848
59.971051189463054,189.60869641891043
-14.957299106153314,18.163182470264182
-95.50613833597652,-316.4895569514959
-46.264528123010784,-73.00248065784734
8.326842932173378,15.568339913579536
26.69564396522945,110.69583586136181
-48.422462913359546,-195.59926943895607
-72.12878518543518,-232.08261407784477
66.98604735985981,180.5238189095694
96.88043614071043,334.6998554447383
5.138036460537165,-33.82956563452581
-65.6641428303393,-175.12833824662465
-45.538534696126206,-103.55540444845914
-96.32186469050666,-403.63966294099055
82.8597613120998,376.7034518673779
-76.44978342197177,-122.7034856559085
15.303295102850711,75.86185219679454
-45.1889558625588,-170.217058530188
10.835600503158688,199.14113131120772
30.284077670372852,60.04584693117944
65.94836074144033,251.82458593849609
-58.71574564787936,-176.52399613598158
-97.8008342683039,-255.04553891644292
-72.62287398623855,-216.19311019549548
80.00372836962103,275.081354504251
74.77801551250306,234.1638357743629
19.48262043406166,71.09808050690903
20.103372086730673,40.015434256300146
33.007334909251085,137.91693817161294
-64.92574427531008,-235.4499139566096
82.88238918499195,235.3864724829843
-16.245895021585383,25.896656843196347
-23.372294350100503,-86.68665639680373
3.7835410565675147,-30.164446550779324
-90.60680664498899,-305.53677998183855
-66.74332624878411,-210.18306357236148
47.606723285274086,99.30019521950761
-83.4402664149747,-255.45854909612328
20.630421893277642,39.84859819195853
-50.93017806373581,-72.70418276353595
-22.140877191604687,-31.295044566779666
-42.261252645860026,-147.90938376597592
-28.865456707010168,-118.28748699040311
43.80918103684911,168.08374825079068
-40.575656875365,-91.37526198461302
13.280928059379434,65.20854177856803
-4.789919560180067,-7.622658817473065
32.73423307252963,137.48833029474852
87.36594786495161,295.58787096548286
46.51441944205007,165.64017170502333
-57.01192428184865,-283.83135693172045
-93.76337298774307,-259.48549391448233
-47.54719114003498,-131.47527997403432
19.01558614005097,47.88175928850689
-89.71483730314993,-199.06518149326286
-0.7267505597527304,21.80719706048477
19.368569783377836,35.98281564306259
-33.15122183660783,-53.192405354604496
54.182440749164385,229.5409534475385
-78.68034937324563,-235.65222353214872
-84.97244365283825,-298.6913330175134
45.63775124072066,202.25691553142406
-0.9017367587603076,3.7560068332841965
37.68047928554722,179.6787500817074
-13.034532279250755,-120.86808567790958
-50.719593352178634,-179.21224988158465
63.820463534839945,329.47937726234954
59.88317579379586,191.23774250827046
38.93929417088535,126.0956147234394
-45.57097255400746,-161.89647086152485
18.046133373817412,22.421160013928777
-27.805220611994642,-187.73231095339386
-81.68358533467317,-277.42186859753673
83.46271509244855,318.91247402765276
-72.63627381620772,-236.8522117836596
90.0474707641605,327.92221957716737
-10.798845408408852,-15.643915386911598
-62.97341423227607,-149.26487623542803
8.380189475671628,39.80835386838986
74.58916717528166,252.35795625912232
46.44497728191223,168.5011462422885
61.31222957228994,263.56014149085354
31.756673342143472,201.74970062466463
38.4553129035705,123.18640820403783
69.83913031306386,269.38364544716774
-50.06639822816281,-138.31452170177184
-2.1150072713719084,-37.03142578624283
-55.758111636079555,-174.13253236563253
97.53360159932939,288.0839127305481
88.81186793732266,242.38902259365938
-92.11463772629882,-284.06391164743303
41.11503450313768,144.70888369444273
85.04966348313317,327.7878425720271
-63.88493097453329,-204.49200726128402
13.5890461105259,18.741658953650784
83.09765951760838,308.57909321341253
-93.21080428284023,-367.8928802406836
39.48405344936799,227.74280497285798
-40.530198525489844,-189.65421208221267
84.87923907530609,307.2880732151423
94.21164903307354,297.627192213395
88.85329782268678,359.50760104744353
-5.157156668507241,-14.621616903850487
72.40853019786269,247.49651971145892
68.90987970701408,303.844656227127
-36.17990535134887,-105.15813914584344
65.78309483013547,276.0730542022725
-92.59847305690147,-353.1609525250284
19.253975696410606,17.14806774106178
-53.99823254245939,-163.63341579660118
-75.88662284454423,-261.5454977306414
-84.60935967415817,-244.81102523685635
39.25775517562795,153.40672048157035
-32.02500724638678,-81.83375840062222
44.9533543057523,96.16761357307087
-86.92873184021153,-189.82871446002753
-36.94193243387793,-117.50886277017436
7.8982584750674505,82.52325317969603
58.14463296779272,181.70163187629316
-36.249499413586015,-91.47275283668401
25.178275287401817,42.98172532966909
77.19554964723741,312.78781567831453
23.17263763646092,83.30552750832157
-53.408105049273246,-165.468842475678
-95.1198436886924,-278.0207514039185
74.01977478018597,217.44219616963684
-95.74611782992257,-349.3359989353688
74.94033453683988,305.1573849332779
5.787426805442394,145.1670675463857
87.81353970257925,320.4432722259533
59.75664715473309,258.70507093776246
99.58682210666748,363.2053038804122
-29.85763690965797,12.610550554012079
53.43765778622537,119.67071890352602
-19.613817278151572,-43.9173082400626
-4.024875939218234,-75.36426746536688
25.501092643674014,-16.07475427397678
74.73542283726775,296.44708258632795
96.81669383985903,365.83331824687957
53.65468277290364,193.54954281805269
-16.446643566533254,-42.87295698485405
-15.728599544585961,119.86487329751202
47.5164603177783,173.39885421065233
-52.244570846339535,-137.34977989968465
-77.90517737372107,-285.13636178871786
-29.07556847184469,-67.00286089942625
-42.55220166918365,-140.84438959492365
-40.738375908801984,-143.11023981729346
-53.278449790018016,-75.5296476550468
-91.58136207272763,-241.67551909532975
-96.42521305331724,-310.65091331664877
97.5444779472063,246.1950760180237
-14.445373252827537,-48.609267547524865
-23.13467056806367,74.18003123203133
35.92945653861398,134.2200145531635
-56.34922242698717,-122.06139989177217
89.99223679004507,407.0699488627878
57.2690028831104,231.38970588368517
-82.1177995375481,-309.503379974826
-16.483844843014325,-159.45907353969454
75.82366151243295,319.590975723963
88.94640445828205,290.5746154628098
-6.5196977500260545,5.9885804692934155
22.682277842141545,36.896955468027194
-66.59321078158496,-226.33811475905748
98.2337252273953,365.50399104093617
-53.66565972331132,-154.40012997937475
88.54635482702514,274.17113252696726
29.929329798473702,184.59820173272556
21.54735897577183,65.57101717860283
2.53770220330172,-54.84151531110624
-53.86603765644826,-173.9823027957421
-64.69439359889834,-204.7116121448212
-55.90275818596493,-167.63018199228927
-62.712347571149095,-131.38659631476787
55.91689471335067,203.8866896599344
-29.974948166653974,-90.89329980172748
-88.43146468732073,-344.6693454672772
93.82052602816228,389.3995162429628
76.75717699268515,297.8655726783032
85.55045663904258,298.4252118719409
98.98156452928706,271.2017411792315
-65.22095015610253,-136.0527157936045
-20.751596219468254,-114.01458499094176
51.64769514081826,171.2030325243786
39.204123610758444,175.13165819145473
-69.22081873202899,-282.10076199293576
63.16662499812355,166.40769858077527
-55.111885632667864,-279.0889788493708
-55.23647703547538,-137.27782197888203
7.394884578682721,18.622783789073427
18.58798696834063,231.4214590128587
16.017241567562237,26.342592204924166
-81.70263252044903,-312.03176499301765
75.49217252607608,255.9529553269962
-46.87999148225879,-131.92323743098132
-74.09701574343916,-262.8497220413026
77.74961597379544,322.7402666084096
91.13029964595069,290.0266292613947
72.42552345309014,204.40974616263642
61.903214944975616,146.75051533695927
31.048396127804352,17.490678050455386
10.171474121827856,29.696708452644657
-82.60264801771797,-284.158283681674
-18.309357385860253,-75.65460222467004
-25.462296597537204,-6.947748232022114
-48.04924324793476,-86.7708408873649
44.68402273771699,159.65393020978436
-0.8248529842458368,-72.58304110445857
-83.79075681847041,-301.6029042673991
-55.963359610037735,-205.86282833098514
36.651752731919174,115.42438644781421
-84.77382810193996,-311.59434355170214
70.24138280975373,233.17169504789769
-0.9706945972051386,-2.724511885105972
-3.8826845346704033,-25.366450812124246
18.481556931903526,95.10157469294195
64.93619318502982,265.2951119428474
-30.43815841956139,-132.06580882758936
35.60323051181271,208.16457309169616
13.146392799158207,17.009259705023013
-46.59434596611574,-223.97024157217194
75.72599727103159,304.07989401686314
59.48520432138562,187.3278084041327
31.690366931685105,146.98085779876726
70.11634581884837,145.2237803109428
73.45884019196046,346.728737746015
41.67259534300695,199.46875410254444
67.4026656727344,180.8855023964203
39.49429233385672,84.29116697618423
36.028154352060085,229.71183543708668
23.722275643036866,66.1589695757311
50.54332791152825,155.1924052537177
-68.27897894138526,-332.27903100231254
76.17415183978568,269.07062115917216
74.36870554904641,268.9044886798748
-94.15054339308817,-273.75224703733437
65.16335011295254,178.11780398611012
-74.22602650531095,-315.8054323806188
-32.976229148171626,-72.86867027977685
48.70165125832156,240.7922829654787
-67.84802079033835,-296.0256903220784
63.59340482381245,296.6526211983306
66.42683559154838,254.3710166447604
1.4935467521672479,79.81768058631765
-98.72282565663329,-329.04090787409734
-42.592373365017444,-255.18720265195856
23.385383675148447,94.25047374721763
96.2372356054847,409.83751555275995
26.362705403333678,67.58216795748216
-48.03928378716804,-167.53574170046076
26.801140619922265,104.99731699217902
7.997075943171097,-96.98592819232526
55.96907903022873,299.4591553776744
-78.60387223460832,-300.18233681598787
52.2055805004056,228.00630337505953
8.25331573522206,44.55154826586677
92.59840077179894,406.9753555192643
-31.625566792262788,-70.38667765151571
26.524378626789627,101.08911161771496
86.4056211020035,277.7439192310482
-79.49805440186415,-218.3506553374176
87.44569744729023,232.38787586778494
37.57714446016266,183.8145266243639
-86.43258817896562,-337.4662962041233
-39.80728661063675,-56.711320039396625
41.63441772905631,173.78543918483186
-86.52987970624567,-250.64839057935438
16.43409203525465,81.61876281462725
-30.823388609408653,-175.50071488998012
24.183103553495428,61.60440426746708
-90.85159323749743,-264.36110945067185
74.30736123047527,288.4085551746556
94.69779383547939,410.49177368946147
93.77557105713831,368.37822685184267
49.930366348584954,146.42118768491437
-73.9827519738736,-278.7428387945893
51.6526391858045,205.93010667647764
-95.0826167082397,-428.4913617788442
-95.57528969420055,-230.84141964855263
-35.277956170091755,-81.38550977644329
-2.271361919066848,73.40196313570965
54.08148356155863,130.25499542499676
36.65907532130103,210.5350216423164
-10.819458724650332,93.70684001511127
-45.27466674366683,-204.50525137169979
99.42490003154222,406.55723985558615
-14.763739552805404,-31.617591200454257
-9.722595134064903,-91.25077538163937
-67.27523576166617,-190.8191265732381
58.961909749985864,268.04684436681794
38.73644515629772,125.52123041359968
-55.84607744224792,-117.16544503510657
-83.52379087683147,-355.67143840837
36.09986041494261,71.61170412981693
30.902242856227048,134.98771977623227
-45.34809460035814,-137.4490672026399
90.17271245008206,299.77581915408194
-69.78842164381996,-183.77975395477557
-13.533039791479624,-0.8209235593812139
88.72318403351977,373.43809766401995
-16.054536614775543,-42.34769991932778
27.705189532817116,147.09717676377696
-20.48112040744114,-73.9664365775437
-45.15695953026599,-35.35842385160119
96.79552959196565,318.15706506578044
-18.133198736991403,61.798675893445704
78.81984073582689,297.6138399298645
-54.009078821782765,-237.80732035467685
-57.37905919498334,-112.42273965801162
-93.77318342309773,-301.9110725610941
30.333365075177,168.7229826821314
-26.29473125524777,-10.83876346623753
72.8716499679274,291.9485525949971
-5.358018661688561,-28.365107556550694
93.63868558294433,396.52106842376764
-62.89489685937577,-200.09436363508541
73.72463359112217,312.32910849934854
55.31937055834834,105.93126826464612
54.184368928810386,231.99437710132895
68.95664562337754,229.41896842456987
52.20479818859977,285.3822755190257
25.24406432628308,139.50859253644555
-73.75102446352248,-226.13569832986383
-93.49476410174961,-282.91617468861256
84.16956956313737,264.67145082714484
23.33006290414761,182.81805469091933
59.307458195235256,327.1446246041686
-3.695529697489988,26.711321586195858
-76.5383622075211,-168.36408929764193
-74.96284155948992,-270.8273553918414
37.11305744579428,110.04002274903094
-13.938821020107468,-26.73963613393
-59.895054659932654,-167.88563939136935
-1.6810906517126227,-5.583151343150199
-87.15821258497319,-258.165334528982
16.394280382879757,92.69945544374986
-46.201319112980464,-191.61995565998438
59.51182012743763,254.23102131861776
-37.92760821528525,-69.5702166274223
-8.955970183639764,-2.772429763219625
-97.67589201837987,-264.23321690124493
-85.51062244108823,-340.1573682186564
-21.501288718663034,-31.856989408728033
-4.0122330565752975,-52.55685101785228
20.004109623860742,34.310315771858214
-41.66748425813935,-157.38273659037725
38.99637722530852,109.38431110986758
72.02447943784091,244.6858870953863
55.970197778669956,205.1881766897854
-92.07623493032857,-260.40909793958076
-3.898610548434206,-9.703088854804843
-79.01396431636502,-335.8301604457572
-51.59099682749451,-103.56509657147276
97.3325186534293,318.80930860625057
-71.50089141969735,-233.18914132417217
-0.22236930972879065,41.548532762984806
23.631146863623826,112.68953494282253
40.492994108820795,216.4344567569466
11.929736697382822,85.70423561047782
-98.04583051616326,-366.22588579142683
-34.70773835120163,7.451024470377391
3.54232867694229,42.11482353620968
-82.42670017103333,-275.860461929692
-29.874613758163846,-36.36487700079492
-93.35937824172669,-294.2852765495398
-84.28430056899585,-255.0336423445191
-20.61534475968078,72.45549327115161
-73.45684919138793,-250.85504358261008
13.508169652311636,51.390549082220936
37.892993827453154,158.45440399670923
60.117339821816586,283.98648615541
-59.96995115103798,-265.2215305381529
-66.50348354818604,-311.0399869924764
-79.08643193311995,-286.15827529692723
27.286049908727335,33.80502672758131
41.29514529738023,143.29144116454887
-93.68277103487159,-282.76471381558605
87.24244924873796,280.81112919296964
-89.60574326970551,-364.9614302830364
8.259267060214086,52.3742927965167
41.812103890183295,209.46953784640004
74.19382474921713,194.9297146964293
42.81738642648557,210.8724724079987
60.345616613958356,272.07496833577056
-32.10996149143878,-44.680610112204334
62.96502274930245,301.30159036614293
-83.97703072306497,-163.81891129774658
78.96333121210552,278.5670568114166
9.518475230747242,58.79324231150825
63.45955399249874,221.2865173113443
-9.536343096339976,-13.278358599399379
28.715539039304986,197.14805441938304
5.280532187222647,-28.768861541254175
46.317904351066375,139.06018162045353
-83.67400359388208,-203.99996575335922
-87.92958320188724,-236.75171586150086
-50.57935319797071,-175.1843185337514
-68.09106397736232,-175.59862386473216
74.35671331844034,297.30928873914286
-56.15720252839114,-101.53647839931958
95.17305116382627,356.8311587647306
-32.620841645778626,-42.89134006659607
-63.576416862260146,-70.41686349327952
57.93970142849582,252.6939127521087
31.74155510017522,133.56185114035546
-0.36085670937220016,54.85935077824627
11.07271018752624,40.49044274614759
43.840355654452765,292.8396300668213
-54.309051733740255,-161.07812918329182
99.26678321134838,353.78707522844365
94.95863242935661,310.5707632517463
30.065137269387378,180.08899002317776
-60.091509814170976,-146.96091370821148
36.04564848625827,121.29205113119929
-85.56031820416483,-250.63854645845578
-93.86949955883878,-383.97104686657855
-48.46342229775726,-140.37344928849262
-7.4754086521367356,16.473887321356152
73.6545010816761,363.15724426382747
45.43381395326159,140.47740869998108
48.54130423999621,125.97693339987052
-14.901333110384925,-76.92606393259933
-30.81300149060742,-154.67393023287195
-25.792247403079458,-3.4399980228289593
97.52991274721157,438.78665936644234
-91.9781617175035,-285.91273711382075
73.40629922448971,337.98679456997144
15.735081714478682,81.77070502968716
-12.276916162081903,-27.724788952324964
45.0515320830273,161.02848133790746
-2.6662117150594327,-4.851290571586288
74.68464761633211,204.00618884171087
80.1403728022517,313.7040429882479
-15.65581462530892,-36.81204669928341
-44.63444055298969,-98.95250573157011
18.470065718672444,89.32140483728404
82.47266912333819,300.5191568532291
-57.867562198866686,-226.09611919641495
24.59331671269655,109.68427033552598
26.31204401850411,149.00401560557248
46.62260448305619,126.01216613650364
-73.68646297454804,-233.52893272688118
43.16499293641772,182.7296228539362
81.80650413312819,270.41952528503543
-64.06337822595161,-233.61463903623064
-52.49133501522447,-152.18913011497492
94.27901880832792,293.30551491451655
-63.80460945810205,-185.81994734088755
70.87701867391581,223.30184667574534
-1.5444287103930492,67.73718416528516
-50.55378511936459,-40.046860648361076
74.14998025450228,236.48709080566704
-10.938948999466902,8.424071620599577
2.9634707859380427,-5.9649474933178155
-28.153326120046856,-26.48893273027452
18.590170286985483,21.80267555018844
-67.29522548299545,-191.50395126909845
-21.783692669647863,-99.89237268823516
93.8824644670575,338.23939617978283
-48.373313459774494,-200.85786086657606
31.347332908258437,170.83318872369222
-34.961987155061024,-144.21597276469294
54.694625137320116,239.02940094721177
-73.82526785633004,-255.59333891027183
93.96420901570895,343.1511129650381
-9.242091723272154,-4.9595256614461105
-52.78990733070721,-202.85590924041767
-85.30065053399747,-268.03392119194683
-66.04841898249185,-134.65273822100093
3.9547897112035315,-5.062975302423354
-32.599364713742744,-35.50726933440737
65.77667317652188,325.12323779221583
-13.822495267638814,-69.18648288813804
-50.257145482474016,-228.65273944318665
23.428997320806005,117.09953563140925
41.35544337708916,137.3736756814684
-66.59161841981003,-119.64050351118497
-66.47615674233647,-210.92617157318605
-92.6657146132914,-344.4399715482789
47.28040301312811,128.12343499536283
32.76090552436102,189.15841728980507
-5.0738248500372265,-26.31758567933962
68.83408979383944,263.11075425145947
61.13403059001064,281.7592443206613
17.070872879350432,55.535137481185004
73.65425610265171,275.493454922273
-58.83175799264635,-186.73957346538822
-77.61607612045442,-217.4900408457859
-46.050077696602074,-111.63805516259096
-88.58262878213702,-301.044887300221
6.233905600206398,45.00112267554828
87.3211384589923,307.0350340302986
-92.13129186629807,-376.3401418780155
-75.57801719799464,-231.64301732307476
-9.560194343312943,81.14890784005809
86.77500350558097,279.5265552349802
-36.7687790046499,-147.3422119964098
1.4469617376784925,-18.47202250031235
-91.68542818992158,-264.6694097285694
-70.33135980758223,-203.73548661671583
97.32602459176937,352.71420145036996
93.02373928720911,299.6821344232836
-99.01200381311807,-321.923173763917
90.36235708464778,258.03714342947706
27.823987563100076,124.55528481372492
73.58365890400444,321.11902546841225
-9.052028873228181,-74.24205788798253
3.1192057158500432,-45.70869383600803
-2.2306839486159618,91.1645007645871
33.37285150922088,106.21699830704384
-72.06974904873742,-175.44672937338987
-94.00528202546441,-316.718370349017
-38.41401168176182,-122.54678173323273
40.93615254732933,185.1971688904849
-59.629309575410325,-232.90252635125816
34.68648666498348,148.02756050222445
93.98240922145408,329.8639615338846
-81.21985684211631,-330.29417111765866
34.52042364502526,157.69558649390837
-11.249956139085768,-32.540236830695996
73.62845087550107,269.84833664201835
-64.57004211052282,-266.50319455753777
38.52519044523291,234.40818494645538
67.62305792962204,300.5164120729829
88.92284389480466,379.4377478404153
36.64960565792916,133.00138468066794
-0.5650471983145451,-68.43680966927192
23.569448040242776,200.13893726532524
73.78099689574364,275.17861373480935
14.121949327765932,31.986832846178068
-93.92258806063263,-287.8889794880585
86.18973910139556,380.0201262550493
37.90535020631222,151.51619791781945
35.30267715544932,207.48812844104134
-56.86496952045657,-124.87739639575457
31.77709404653143,77.40076979275709
-21.227118869168308,-87.9844213250629
30.24659540829842,173.73994209303282
-78.68139393840185,-391.01550697492837
31.5690609206072,123.01892856387578
99.88274515413332,298.04804795823304
-90.3575922278888,-320.07926286928705
95.43483684426346,339.08092450346186
-18.618407855425872,-63.076646389365955
74.15069006745182,251.91435263045094
56.47709681165469,162.8126563593507
13.403252197333558,181.50694603160176
47.68984185026531,280.2875466839961
75.70311226026959,226.85760189812942
-19.1719356697934,32.00406272090147
-34.593367687352256,-121.05006142937553
33.518677112716944,143.77474356109482
61.56918838825172,232.3284613640352
52.45702695532316,170.61216228093275
59.56272977172691,277.6621713813515
-12.883337037413398,-18.797353102114002
63.56684323500431,218.65638016155305
-75.95818892587832,-311.08313343059774
8.89781959216991,6.462617886638661
-98.84826790037569,-408.03794343141976
-35.082834019945935,-102.17874164905228
-26.70769302572043,-133.3102052042413
-20.765461678148924,-65.95714149944828
39.09344133797242,225.33213736342202
-22.288379745930854,1.9556495353212924
-10.261275475493875,-17.528308869359453
-52.49117382513451,-168.07334469512827
-25.349641674131988,25.26998161158845
-54.546074547369706,-144.8734548978584
-85.36081524631128,-295.1531763559156
20.689718676275575,21.113109510941925
33.64255971100326,157.44261989674857
23.898069201922894,145.10943083587324
-7.301191239885526,-37.13674556528154
-24.04284396415403,-49.58981611763748
72.66672991436505,256.1548899545262
3.816357027243612,24.155629635402505
-4.163624474053805,-118.96378853730488
-94.87158683871286,-323.13962412130184
-31.750434474768724,-42.65805554128782
-23.96087624282859,-95.43319462822798
-20.235443820619906,-48.19773496140386
16.03447384546645,38.323123124536565
6.720509345375689,61.54386652345356
21.581018558688925,84.70740507860256
52.976652308425656,158.45620604538948
62.5971477432187,305.71759048452185
43.624615245298884,219.13275403515686
91.10473919098695,308.6212489720456
-96.35348346472767,-292.347776655658
-60.84440286329078,-166.0848098804987
-98.48742500437157,-292.5909257647417
29.494942830920593,38.51950510846818
79.60610978999739,348.95171131662227
-51.30354068474014,-188.04734054287707
85.40690895926133,301.0327846853513
-87.94652194208783,-155.91873918429735
86.88720536110287,339.19888779991066
-29.675462552073114,-103.18024270461468
-79.7158343101567,-369.27013872334373
-2.825648162734879,79.59843812774571
-48.64468645589841,-217.51688613607456
-43.02541960761543,-180.7609138016292
-38.54200701474269,-131.46463950599187
60.605179566532684,302.938718067879
7.8322553350509025,86.07489300596612
-37.73846016879927,-119.97648608281044
22.06675666218368,112.64825149958392
43.23013484463871,141.2861873126802
-45.47519985329325,-132.18051500825882
-17.29017969492969,-36.84879169334708
-75.62278133261049,-196.24123988006906
-63.77013009306394,-154.83654920377631
36.223570792996554,171.48136688577017
-63.71233046087461,-221.11053449036623
5.032676733412032,74.70548328644844
41.80925234448654,161.73395989555056
-78.62461538105123,-309.28187226933596
13.462443925780704,46.954164144685535
-48.687443259727246,-146.17970221982912
92.58537504751595,389.55960184954307
-3.290870656015059,-0.6944559039103595
61.198509955031625,173.73484928063039
10.045308431252352,57.995663674224204
-91.31749342903616,-293.93842499879895
26.630275118804462,122.49784436095327
90.28066844133141,381.9759153423815
20.32236402926624,142.07443610692678
63.83777188535805,213.72165797966986
76.84129266968156,258.1373514414383
-54.384045610213505,-222.35409518352094
-57.59103201835467,-146.62782855021752
22.19619777019834,170.12769761257994
-17.79430603865906,-58.034167530752875
67.97226057334407,245.83138377045458
80.00462467960224,373.35531422355666
-29.31572413945638,-57.327141827346935
-52.625888205103585,-142.3788234778098
56.10510304877238,156.82203537201698
-45.03879289037278,-103.69937165233378
64.52286370273569,199.37320593408703
-15.252349270247436,-90.08423174261392
33.50997985829409,119.94635066569371
-80.89293723306636,-292.41491648816674
24.771864935314596,95.62154255434912
-9.646464252554182,-85.81170661018557
17.32169263509482,128.5667395462155
-66.39715845102731,-156.00573985277416
47.374748988836416,88.44449775388674
72.55941550864571,322.88084456358746
-56.65203998184487,-218.80857142753837
-80.85708889596765,-220.15103428674746
-95.27228279073272,-316.8753144008853
28.39430008865321,120.81882851433616
21.418807217756154,85.7109427910856
9.339482542814011,113.29464911152334
-53.610580776804916,-229.61643334506863
-21.81880081889706,-25.97378592938929
18.895267037234603,141.19994287479864
-0.6466282281661222,53.5538052284391
97.55710404297747,477.68480986659205
-72.71204948865338,-260.9395113465217
39.02891080951875,204.4664289629922
-19.136246379141568,-52.281394094066506
-14.36007701487705,31.4100342655638
43.519553131635234,171.93398617465485
38.487230264873915,135.31151683393523
98.25119874043767,429.1828057851133
-74.32114210917496,-264.7020943330589
-79.17807012316673,-327.75953337611134
44.86776342574822,151.19482783142738
15.677383401281816,105.82248923391298
-45.16786668803883,-68.48559582878133
-84.11612620220268,-268.8499729428838
-82.8683500807139,-204.12937192079738
78.83817493282365,228.02486619100307
-61.62653505625142,-217.8560459377751
-35.325687576895845,-118.0686623768405
-54.6687195546024,-177.0684898147344
-29.000738833612544,-77.29786650513407
-86.11523145078132,-246.85776220812502
3.8119581816540773,11.101511727264757
-86.47748728155702,-275.71977113779326
60.07130156447232,227.99341095945053
-53.2575836179134,-212.6960378572544
8.002382920902122,42.32500576908566
76.01581751229165,278.8723847981649
30.17547380943884,117.36013008288364
6.5915573102670635,44.65842341500726
-35.13324937692488,-99.18269578856777
-33.39961738836041,-118.51341981462795
33.89739103963802,202.2766053372963
98.8278722442335,307.4235213946664
32.36783796987572,97.23892747107021
11.556683474004984,199.44657337019527
46.13010204784922,129.55578941801076
-6.958877543256364,-72.04380513688521
-87.97153147984295,-251.17652292938945
12.459363175581956,-40.24822157415686
91.52505690107603,328.57400365514417
-64.93941152846807,-99.99669409581381
38.00097816413316,75.75662746679605
-59.81326226818871,-288.4446422255961
7.1655368946162525,-29.87968096672803
-80.66471007065607,-217.408506829947
-9.925812748362972,41.498491380020226
51.23266577904923,173.68489037774685
-30.48569515220359,-52.53931283265912
32.982344897443596,204.95097351665208
59.08999215794583,316.1822932743016
85.43556389589054,306.7077095766245
-53.071583628909295,-280.82412858468183
-20.136816838138373,-91.52280505396864
-69.51679733391651,-244.64900041547065
98.49670043167504,351.7915116819431
85.40019358485907,309.5077074965708
7.991426056111919,103.91472109292518
68.40665887528425,323.1447273978739
4.191595454408443,26.086901394190384
24.717137600551936,161.4342254045227
-82.17511357679668,-249.72982918723392
51.054084099361575,201.91459299089408
-74.45730327295303,-195.2733535998374
65.21352605050566,251.8599435886656
56.40561753407718,320.31022022415823
41.748939548595274,94.2007300803555
-92.76792389504757,-330.4462785872674
-39.37432881093428,-124.13609568596749
-47.37748601783143,-123.84856653951049
-27.97271850569618,-14.506490414782178
-82.47145064723229,-269.87000562712086
87.39156460621257,254.75899364643362
10.760448142475255,99.7872633214136
-38.89513786839529,-78.38504423228528
-20.60369658514331,-149.20587101697188
-10.559491899032864,-17.148428330154992
20.11886667212346,10.908941818417219
3.135885539299551,-2.2569554875546984
83.87839464288348,268.43393490195217
-0.6073034188339506,58.33767294618046
98.43160296466255,370.3521190849281
70.28499154901914,201.71792038376557
-58.29789712853284,-140.0393418019978
86.11904292878324,249.7263590543206
-76.72672042290478,-232.03783195661953
63.48994169823831,201.51426247925627
-23.875341304683985,-81.84754869291994
75.5948640890139,309.79556171346786
73.61133802149007,303.7121530281917
61.18508002352422,300.9962337601328
58.00608726141229,218.90862043137037
-39.06417218039184,-101.40205948320443
-83.81614338974956,-295.24336798433967
-19.403964246967703,-38.81438073324709
-65.29509700269827,-186.55853710901835
38.990217780492344,151.5502698590044
-30.78005469244289,-177.9177156281749
95.12204017198297,369.5006854184852
28.1944154690664,136.90852800950523
64.49611272687218,211.7277207266551
-73.49506545163031,-301.4520808843318
72.40289645452452,347.20409511603407
84.55143810267887,340.50230890409614
-2.587616236212824,-0.5107083728303685
21.25058755019549,37.52541226830984
52.96196018059908,164.27611921102948
-65.0322745479175,-142.48344107839966
0.5132152926884856,28.679350567812005
-20.267394445537377,-78.46523390941616
-70.72520156755019,-202.05374392519286
-26.49311554169371,-113.44581376824416
-86.36553812290128,-207.23723191613558
-94.83761861010261,-244.29163839052288
-72.96674216903546,-258.7123011517629
92.62302231783477,312.7470657608787
9.905907179003393,-76.23598480810213
93.164432230644,271.9964742296856
-13.500424333973598,-94.2249739167954
-37.636773382948085,-104.969189790949
1.228372568048826,7.987618766102912
-12.097662273417981,-89.608592327725
-78.86706314765121,-270.09292314000714
28.165262938041252,143.84527766551182
-56.79236349808008,-152.3813047475009
23.917590979565915,8.728054385536637
30.04021847963068,118.72759065451584
-69.59502937427038,-292.74964165852685
-87.73007457786636,-241.96882616551855
56.15231721368795,255.74043106558275
-8.039915246135962,-53.041064677698785
-88.36724089890484,-327.58760326618693
98.97326343395343,343.34306949392163
-88.44388780072667,-402.1932770391103
39.00704577171064,173.32306887301607
96.73578505268273,344.933020367383
-52.163979156814875,-114.0651729204591
-71.55012626256077,-285.3459028170903
-75.72301211551422,-275.9866898167964
-39.34497048648089,-193.0336596046389
-79.79083779787067,-309.48246046726
38.43226833882639,95.41383938248143
-87.54164037398746,-236.59705736663386
1.8844256299579456,-8.317602732716807
99.33937077059537,373.89658193431444
62.79405390120377,220.74101846112296
23.04388764620218,37.18034346106699
-38.74927584267767,-124.03748660795398
24.77916725832769,136.68225199732666
5.408292782330321,-21.45894488901149
-14.783323221925698,8.714008259828994
-73.8579246519601,-280.98878235574523
77.32084304809334,266.4737543646846
-10.043070235735499,11.383410325428144
-61.075497635846986,-226.93604958643886
-26.44812982454208,-70.68971141910399
-17.1740494942146,-55.84371466915572
65.50757911337485,255.74492723200288
46.7228761122804,64.49311111680655
53.86097872826795,117.0293347885337
-97.79374711427056,-291.479764597605
-16.76920036404769,13.166869008285595
-3.7311696729352803,-38.58342903184955
-96.16154463538867,-328.76682383241706
-48.03735825099316,-133.39479123336096
52.057964624427,236.8637562684297
-72.5780588542002,-335.4070695732431
7.062026290518332,0.4150796678953057
-56.9596255965525,-195.9876585804275
-97.57584507122135,-286.35844788747227
-51.7597084800917,-36.23745549424622
95.17475098201075,341.71134209655173
60.30742237659791,160.72710521289326
91.91532886420669,361.8170548847883
-2.42919121472751,77.54762022548923
-78.0527602644993,-247.7839548767725
9.591897794738586,8.239215023870408
-9.124533088007823,35.963831265973575
68.87141654792319,294.2272388426529
-80.38348384315108,-312.64623566081
-2.3517725956443627,30.840076791961827
-69.99026706120316,-175.1026563312674
-35.064814621988006,-43.63234904901334
47.47141547755993,182.82750540598695
-4.79637412624669,-14.691281750829358
-24.822342970846137,-5.514509293898342
-21.104744285992936,-114.37463015001953
-8.11064631880268,13.541702430240893
57.00330876741137,151.01024931771835
78.41693778804688,347.7280958711442
91.06693730078567,325.8320047721918
57.38067725105901,284.26153216108
-36.91862085039745,-84.64453515861473
37.62694121730843,90.53328275748302
-12.479375188921608,47.553573442636534
-49.065875590789766,-74.16830124637772
68.17431588518451,302.72443022810654
-92.314730207535,-341.1809489781835
80.3523984270847,285.932696776926
-7.704507075053172,0.3055861076018678
27.440295361656084,80.85551379922464
31.87078444115653,216.1650741672081
79.02354814130729,303.79874208087733
27.333936433441465,-19.49862483832274
22.786716952012355,116.72129996985427
-86.66959188786201,-300.7514414483827
3.681604389040814,29.139287555720454
-69.96619983659167,-243.31266771735582
47.48675374429712,226.5559589353743
2.4443841625349023,84.53973349654122
36.04555584167065,160.31210355877997
-91.66541987952314,-317.79452893523893
-83.04159679083935,-272.7124490083963
43.264677612536445,172.40635247275898
-85.58313280026533,-319.66246679417054
-85.74865444694828,-251.17385813575723
-97.57830495302251,-298.52195114255545
91.30027965989603,416.57304079846983
47.50167189180138,249.02334063572857
-29.349718299587167,-117.0077599280616
-40.69288374246896,-81.41017437319312
-30.059354050830095,-132.75540833262892
54.930706236236375,247.0540768738698
32.274122214082865,107.12871781128464
-62.96088642650641,-251.52576366155165
-65.17813293318312,-194.12119813127072
-80.32087005732053,-394.85140160832884
32.06054394026762,44.66312507067528
52.87453244434718,196.18626936650097
-46.9907143349992,-140.34541184075505
-95.81100779381744,-333.8044657862705
-83.56566650471453,-351.4516477023808
93.57200696900608,306.60743228459603
-40.91104450451595,-103.62818940393615
53.844629567626725,237.54529201811167
24.932713770852757,106.4533423181876
-23.61207206942082,-4.800563191123416
-58.86254756088898,-166.1490652901497
-75.72271636811871,-282.40228998632614
23.00259360777332,86.48397495662576
54.92675612755761,142.1003385860589
28.780850708226126,115.3260279592206
6.060426649831669,96.81652423547777
-91.60975531367275,-266.36963936230626
93.69775551887676,418.04261061202476
59.74283833091491,213.95567196825255
-41.43559265980705,-57.71958458361178
95.99406587177012,346.31401922879695
20.376317927264424,164.89636687392016
16.484531641449294,76.60302337296635
49.61463588590641,229.01279429088626
62.35395761802752,311.99446987858914
31.295721466300535,119.86364370299161
-74.38085072676,-229.41352816645133
-32.346498801100324,-28.769574543536024
85.61672806520994,313.0083900317316
-55.076877631229614,-238.8136858346117
-25.566595232497335,37.66726941550482
-13.584623411160806,-51.03440515591966
-12.119002061109569,-14.478704667006351
22.587916498905102,156.85804121872422
88.61516754894151,299.7283912347352
-51.86145763349901,-211.90849737835305
-75.69972473981639,-232.26217175061572
-60.505902028012535,-281.42447699366335
77.38498004185391,276.4521263030927
29.16216253104119,134.31950207441446
-42.818642152167975,-143.36284237384612
63.189387793723455,163.99031011874476
72.2739992726872,352.6678952646058
69.3028677380556,267.73694478065335
83.78530672791089,384.80617943577516
-49.551795965327685,-166.43309838766913
51.008385749255666,154.52875103785664
-7.892100545171999,5.836694104655997
68.3997105780123,248.60963070663206
45.69813543232263,121.05540111356132
55.28948929994493,287.00242548918203
31.232367536214298,98.19977523205026
-64.51424610605864,-297.81318061098364
9.005383779387671,117.9271459257235
96.93394790490163,334.05391687652457
87.47761329942378,295.780451917202
-91.36525284059766,-388.0477642935905
-67.03703685411257,-127.58255465954447
-73.65424530908761,-302.26388794229103
45.19598199705911,181.10841102498938
63.55706597138902,288.0807470268836
-57.29772673786562,-159.4561969323748
1.170538590365794,21.1141694666707
68.14060560223999,173.40882669346917
46.560308953250114,142.4748395480112
8.447441098369652,58.95606074641988
18.06953809175458,43.884679821791224
1.672109383255986,36.020355841334336
-40.490309736235886,-87.62891363606852
13.004398571803222,113.64053929131636
37.77706041001812,90.91074354442927
74.66458317216154,391.1583438515131
27.25827079584961,153.77791501318018
52.2243074086316,202.69936824675742
-67.9856730090854,-163.47302637796687
-7.688505116042023,111.3606206938516
-98.13367603458134,-395.4038711738782
-50.66422709567539,-168.58792695943154
45.29234302260096,59.60161758543694
98.36199026987268,373.89954257695564
-80.16438008255682,-242.30561819269184
-19.701136827742346,-50.91208466923618
60.01419373983191,197.32299953949618
-59.19287307422023,-289.6507815691871
11.016989860457244,77.23614868218878
46.61425920593496,255.92163141653862
23.197090052035804,71.63889239545371
-62.395053076916774,-176.37968931805145
-28.92308626285211,-159.63801759098493
56.75835689707944,241.51490232440372
10.845302826403326,38.28944500517879
-98.95407729141745,-364.4601680501068
52.198152005618766,164.67534995885916
-92.93772901195219,-324.9626306434831
49.14675654624642,211.13531369648925
-59.50388796695252,-253.8717679441097
91.61469602387604,320.79566950517346
-26.411849739583104,-74.51506298849826
-34.61367673238418,-156.0998297899376
-70.22238993351107,-135.94510468353786
-38.879156901957025,-158.75182315991668
75.33015236564012,250.18368759806592
99.26686752544947,318.51863884794824
-26.338093898630333,17.74067571169971
-10.277873809091489,11.672703098153868
44.4141876405474,128.62005642973378
77.23915609301491,345.64862426855063
18.60886683735683,95.16596864519282
-21.694860364434135,-43.06934021994439
-17.475631830275248,-58.388571843586
39.12362929936137,119.46190319991612
-99.35634727914426,-310.85891052427485
23.91786749196814,76.45817472210896
-28.901397911728523,9.682888787705394
58.83946625541685,162.47357663180378
-81.40187203537357,-188.09871348106026
17.6404533896781,76.17564442398331
-3.8054220227752467,21.635309621341932
28.465105181045487,161.28575646513093
-87.02928110340633,-316.11494861214396
15.996757485626262,119.20107043462374
12.296917591904744,-72.33798119739225
12.132018883234181,26.46258943022268
20.697533319290955,46.23822625046507
35.293587445272436,80.85225543986543
60.99779993615394,222.74455787259126
-46.03585597435713,-121.83799750116523
65.00988203601241,282.66758705100875
-0.3488635473092785,30.822815444437907
-84.58834417313376,-309.34387785064547
-88.28981415120415,-270.5635276379562
-33.152336260787834,-89.8188921702149
56.97939542229352,266.23069237482815
41.53618694818314,204.2234894652168
57.72299293448128,223.55429596671593
3.453811288321873,-12.774310798936284
-11.960200408901883,-54.508209222760634
-70.50949465874321,-254.2726992875029
-34.361449278137684,-116.02838916929468
-13.196126765224946,-12.783922298799647
-82.27991406407655,-232.220979717865
-55.87760945775775,-178.127567752921
19.645058812747763,89.56394523964079
47.13262284783798,192.12949521743312
99.66950227858993,343.04799231844777
86.62266626871153,276.90971905834255
28.51303990703832,32.023744809098616
-15.750389341185596,-69.88383059799321
27.23547294164655,138.98142795915226
57.13032361604638,184.81056075418397
-76.33276181532253,-259.0550182249258
-18.019022060742344,-19.74501284198236
67.96045712712345,283.8960747660655
-23.233409613391203,-115.29357625517116
14.374454245437306,120.16355768171263
17.55387217243964,137.806057071313
-63.10474937327213,-257.3591156673804
-27.552911669542326,-117.62703432545585
-33.09774225161357,-36.287563723337904
-94.76065829358704,-319.0049800903197
-95.16164722172896,-424.0546626486439
66.3394087351547,182.20385533640714
-45.38583800543752,-151.31891427765538
3.615753247763081,-25.496996147059306
-40.25488528224539,-141.56328701968096
88.13584902306809,330.0952822649173
-48.14064822684525,-75.37953859222193
-14.068637452212982,-43.76292689413489
74.54605009692037,334.5382653178592
68.38671335836173,330.7915048561046
-62.779716430744536,-128.01352404000207
60.528661959142084,246.08804652627572
-8.362622652421464,-107.43363667542384
-3.406225582928954,31.119453729941927
-73.30400551681124,-184.1440249181623
-83.87969724857507,-277.63229564178357
45.58786139475305,266.7867083853981
-0.7077695289400481,60.51448472208272
-12.629859476964086,4.209160688264912
45.901645730479345,234.9747956169696
53.10257979822194,222.5275218568207
-68.21836646612928,-343.40480760122017
22.04502989552826,72.20065706083062
-72.92918354446289,-175.39374104322744
50.27501720580915,155.58299321541722
31.39103125342791,118.69498412515074
91.3229242166916,287.38841906326707
-86.20839672871577,-192.5332587904167
-88.58905576974914,-205.98707232322118
-43.56258506135997,-176.66249247179636
-47.658863252818804,-139.4411213654116
-50.604240185600034,-191.13954303780253
81.25091610420733,335.12543831629455
-50.09076003009878,-129.8335062432293
-45.6100547742738,-99.04991312929502
51.879652483592736,218.17470607796895
-10.052031509892004,131.5882000348014
55.34211139103624,162.3012016180899
-86.92676848712296,-369.7738574267561
-2.4857612653231342,-8.354674463704043
-93.27727996334347,-384.8698931497155
-87.4693593089291,-360.7658710815515
81.28749066888219,254.44048463118932
-72.15092577648096,-278.63768548926475
6.484136455043426,-5.036427504851012
-17.780879479858697,-16.32213065723486
-30.53133474823146,-112.16912467307691
79.96666913745449,290.9076132374667
-95.6353206449021,-270.0119835321106
32.75793723511782,96.33665408384107
92.67888684271009,331.1488090142492
12.03363669236839,80.40572772793514
87.36449240661835,228.69733339215315
-89.54842414279524,-412.66475994731246
-16.241336185167725,-19.538810208200903
-47.96844180758977,-123.28883229821926
46.16419299614597,284.78568222913145
96.25941809944933,364.81270714141317
-48.69398751115044,-109.4419704261218
30.834920294814907,118.14858885255349
-60.38047344805197,-176.47029598892757
13.066050914321977,149.0940202876036
-7.213502662332758,-111.44690022444642
94.40106592630741,371.08454362066
21.705454539293314,202.7484273913949
-30.09872558263625,-71.24382857875975
-77.18084302241333,-167.60430241680425
-69.75063425301309,-255.58782736201792
-54.93661400975298,-173.8805237423211
-49.8066677319404,-152.647101942362
70.12321156822756,154.5516865208579
12.24455765650498,4.4470604052574245
4.6781822748732935,-18.470116007142778
-77.04622562615651,-208.55848578992146
72.02793866988699,315.7054406288072
44.562860641696744,192.17183438126528
-86.46632761999969,-241.42700182721364
41.56701944595375,157.27709742474943
8.707643468529213,110.57333561682941
-83.65493085064435,-272.3528358456516
-8.339871694268709,-6.2963485586026575
-3.060742573990609,-3.992230672087702
-66.84509196734484,-179.73529800388556
89.13962940005646,310.92876206955196
69.99507429613237,313.80432889636677
33.80446746582166,81.70817909457548
-7.540887799878561,-61.33892003598466
-17.646891683098303,-7.392783134518851
30.194693430190824,121.25421627651725
9.086373881381093,29.10773777717741
-87.54537882362288,-241.90593925890713
2.500529754066335,-1.611216565072052
61.28072344656789,224.47246934796914
-8.15202448060839,61.4293118214286
-89.60868448914631,-216.67327842147958
57.25563987680661,299.0146500823395
-59.72724357280512,-203.1516413515135
-48.27583302239225,-87.43027032914935
-67.05872931354082,-262.15319398582676
-33.956987025700485,-144.19459832605475
51.350301137727,82.20326135082645
3.8771719007874736,117.21351174768265
-59.02374516985749,-229.78210054830515
75.56601563040817,278.1544257190756
75.91637099030584,240.19108136965622
74.11568500920137,314.16315994871184
-52.24075772369214,-181.62433506878952
-9.752131163802375,-79.37330359495577
96.99793122817502,381.5758875079156
54.40249526199807,138.72223217648184
-94.56651575488803,-352.85309140788263
-86.95908174790159,-389.7012418489596
-7.213724637533446,-76.44594184124739
81.84404117231202,315.38060258911594
7.740359590542852,-51.13554333824625
-0.4374983931419507,-55.58853060708261
-78.90526000867388,-256.286855836999
31.356020944858813,102.56572850235321
64.4206321200451,345.0740442181233
-23.91599849848754,27.988832556512392
55.122370185065506,169.5321725101716
92.89533078016231,372.99053865074217
-59.246708174462185,-149.89935076664509
4.665926238948259,6.456798935098739
-42.57240838308489,-203.78050616570732
58.57088380676788,224.3831708582847
15.518673176231502,65.6730723761047
26.916483510060758,92.4194674366817
59.582831923178816,250.65575513935013
-20.80590546750902,-90.3571494865615
83.01801368140863,252.96317050597304
6.605773449227996,48.574355589789576
-68.4090354329304,-200.13311938681258
39.17982363376049,98.29713552315906
58.65227008765089,271.6874758563322
-36.64766458649466,-196.79088294153522
71.43585139975059,241.11980696334487
81.22865095315328,291.399851526156
-44.61910252443821,-167.97804446813024
96.7042945430444,330.2120072230958
-71.85769439024831,-137.9482062504634
-59.596866319502006,-231.13323657020197
-63.155032152394774,-78.98152640978601
78.79794200157409,317.64913599206193
30.858510464992378,132.6075434930729
-69.57914335554543,-199.7149840750257
-11.93531632633021,104.72278032044187
23.059605013960407,51.02896735228902
-83.30718300212334,-327.59603645425113
76.48327368146775,249.9481480565411
60.72070708830702,234.12963215730264
1.0413547153276426,-62.643814736981916
93.42532305183408,348.1055926473497
-16.447804144980054,47.11004216325342
96.82206380729957,366.44759285678737
33.58399976072542,122.90972621377512
26.93425465078829,83.36186884357764
-66.809020940843,-168.9059880653723
76.3855516609288,246.05779215134845
-14.502062415876964,61.56257757439303
-67.55331884350413,-119.7686285665466
-97.4784960048482,-308.3371960838793
11.951136727676513,61.25322414303554
5.47992442453527,90.71272589795142
43.8707244738317,228.2874607697772
78.05161060356042,252.8810505594907
-84.11868307139409,-300.7431474067144
46.29929806807246,115.93017150408883
-62.517611180483556,-178.3583922149896
71.63541063143279,304.05533138285926
63.81270277233122,175.8481778100956
8.158750997108882,25.795683249073132
42.04855972466231,99.80726315725063
-37.12997736325032,-154.894911283568
-5.766420213437073,27.36838226428522
64.32737954209432,208.47172506341616
-8.146960565357219,-23.555659780365197
-28.440346934911645,-160.90680066955653
-1.157510549940028,25.298223561443116
65.64985048744367,247.5608107138204
-32.95839052582545,-131.8023293420472
-65.24768137285125,-217.81759968910305
42.402804066156165,177.4245582567188
65.19564254161637,207.44134145019007
-79.87250429529334,-333.36689223361566
-52.02517744881106,-71.80939943649793
-71.60560204780123,-262.28324240281796
-30.41171768356668,-91.27901705182784
-9.929804218917468,35.78767198480454
49.765267392661286,370.6311952528387
30.22951697633482,63.57898692272859
24.18571349568623,127.1413579212273
-29.525010678069123,-118.71515163794724
68.28951061695199,232.07377193049643
-5.742566520367092,-36.10958387162432
95.82098760303091,299.0907082205789
26.828427659147366,111.8349287177827
-74.74705168709946,-315.3398152572599
35.23551241508679,190.6646717783973
-34.9791969136602,-99.67704239614199
37.265439337219476,171.55078632534014
-86.07177036751885,-304.5606268836271
-65.02371256480812,-225.94319068741584
71.14745178115726,283.3942764924168
-54.56408859529702,-229.17684170383086
67.40822504858801,238.02926594939123
-44.144782309117915,-177.48741377583542
28.576382011741543,75.48889651154468
38.83011470196621,50.41348942559968
2.53095062901059,95.82465667553706
-38.937864660653744,-150.60946396997656
-57.471124725780776,-122.9801337820552
-93.36212908751476,-253.32783573658705
-39.21071975185524,-181.53750445731802
30.632558106256596,72.7933915882558
87.66096368969653,454.83852088172205
74.2408964526104,367.3894346804936
53.212955307060525,204.66941790830666
57.689468650659734,234.78179559817656
32.996980695199056,103.94711228583726
-47.9426284867994,-126.18156399378091
81.43900614116598,269.1774264579574
34.1464623811668,37.894930119164584
12.088126196087984,-3.7693476392446
-77.80210615730378,-251.25273415803386
-10.588891238714922,-73.6144811106316
-7.928345759614743,-11.113083404328327
72.91272190453398,221.46147469422579
9.3296440375577,13.53605800635227
-23.919890205918065,-21.061350400053634
95.36006570213186,366.1342573394668
-77.85588133473686,-252.97880573724638
-15.490314337611082,9.73209847189377
-91.59506496571895,-276.55229771264896
47.98082415338607,260.2610490994196
83.61531043983013,289.6606234236484
-43.992534089902115,-155.45561824103285
71.66833535982417,205.78371043981736
-41.55635390762045,-146.89627454529256
82.15403232878305,355.77760786586293
50.7923807193568,262.77270113085547
60.98135536828772,281.4500021933404
-96.3986888799091,-407.10500440715373
92.56207141480519,398.12451058485493
45.334198414064645,86.74376328562272
-39.04978092277334,-71.76836702358932
65.87893297176939,232.18703907264012
-43.695760317014006,-97.80849541285625
74.5507679132256,214.30527030156128
-77.4839219176126,-192.63534507633676
40.737195492159145,89.33144691731258
8.139695328982071,15.06618810877837
-80.69310596091184,-312.3306022516432
-51.62123434823221,-248.38856285993768
-97.51919274453704,-316.59079622645623
-6.24640690709883,88.44203171700215
-39.74694784799993,14.230943648000704
19.671496859551766,93.70802836274356
-40.55243845827656,-66.09947085059184
-40.01617769860306,-108.45189004868384
48.63863974632068,215.179398850533
-90.37143280432932,-313.40744737151454
80.57899903839746,311.7803429055212
70.45277487823628,293.4586473041484
33.560936645281316,108.54029181466802
18.64431402147686,81.3803840805196
78.46049962793046,291.6902427478822
-62.933964094257114,-158.94870846337366
-84.20616756183428,-328.023195047804
-52.09796601809238,-164.9199914937059
58.91565574003806,321.8050685427681
-93.06594665470334,-247.5278056621648
16.56136701669793,145.423737002878
99.08750323826197,368.0278533428186
71.13921876750788,285.0371438705788
4.289137808717896,85.1237906656589
-87.27181814267153,-207.4385870228038
66.27470287714198,154.38131442585257
19.795701635442114,23.512890371555116
-77.01340058808663,-184.0746969881708
-81.22854303532876,-278.1443684120908
81.92536388731847,273.15273414271076
33.84005258761567,75.73213470687466
65.85735986335109,222.74992444452334
75.79578005645345,215.16676602639586
14.354470409664444,174.79536007044942
3.4892703510082583,31.090643629500228
-13.914517935801967,-31.598339863442764
-36.61068244177614,-78.73355478782491
-13.080807828257647,22.33443106442671
54.77593114603127,259.0101668388414
20.38468620302632,145.0274989059707
78.5046579909692,263.2240254288494
-11.32399712416246,-34.527330182411674
21.417915743750797,133.41428787524157
26.26151061839775,85.54583408241112
18.339432461265105,83.93268201306661
40.52675461710328,181.7818293811022
-52.51330632503874,-124.53731802211678
2.4727555091581337,-60.2294038364566
-79.15503943833046,-221.30535553970935
-23.097734471037484,-72.52827354121746
-2.466586275747119,46.73983357810413
30.444851909094496,165.40356629957216
90.1062105172407,415.7674898663003
20.130213309671177,158.1284289649093
48.718783235311946,257.84432445410664
1.2532118990405507,96.56975760495385
26.820806275266264,128.44177120422924
-85.81355677324531,-278.7381943545166
-49.121683831630605,-108.28503925179041
-27.629381358972267,-40.098787184751814
-5.501328998697289,-14.707963332353522
-90.87025089952326,-277.804707707918
-71.99518048933646,-233.73795505190733
-44.63713844173884,-178.92662996908874
94.30653818021014,414.59592069955295
-33.73059857938985,-95.29713290136002
-3.591788377583498,109.8641535634003
-60.780457452321414,-274.0062145931166
22.156014215153647,69.70711111086945
-43.863356896805136,-131.8898073042744
-58.601484312314646,-128.23614021165557
3.3145256891958184,51.57430854229462
-98.89884016791584,-310.6223028786678
-98.46719347015494,-380.99836677324964
-56.18623817962845,-234.49890349017312
-92.65572749983578,-288.16981323493
-78.39484917386173,-322.58727179943395
-32.22787013224968,-119.3914329773403
60.51713591596257,256.85584216016184
14.409728673860172,21.31783674467181
2.533545191283281,109.13520628758181
-41.30223535837567,-63.36100654242032
86.35074388656327,243.65660368605643
-20.596991752561664,-98.70803329306517
-82.5814466408457,-383.32392546770745
23.413303223560263,62.816993155054256
-77.23232130467972,-211.993700737759
-30.955371439661576,-109.03854715255837
1.4823877435617732,48.22821928326458
74.84450493703517,205.8390513655359
-1.290683931976261,55.381368967178354
40.45175320633285,133.82567482574748
98.56336779981407,365.58027141349453
-73.70217602040367,-242.60134114106552
-45.0536948960961,-201.26535818095053
-21.08478488047072,-111.45096366863663
-15.634364292233727,13.66944842735326
-17.795784946890848,-22.335639439033187
81.52220051131098,357.8301538672598
42.80652889337128,186.05576290192542
21.581042818140745,102.68318160395343
-38.12545642744358,-199.73962842939085
64.75807684425894,233.1349341168478
91.0121022969978,337.1731420193051
64.23965651004531,342.49415769878726
-99.68697896170542,-294.5565947610351
27.280274036681405,192.28401821386132
-89.77292371157985,-264.328347695793
-48.47855593325563,-185.24010711386867
-88.09505993044566,-282.4764989490672
20.759090589877545,104.46799937778306
37.31798269852135,103.65516095629063
-77.10247238681897,-269.0780221835125
-23.232223391004098,-71.60113155237295
-8.752698208891601,69.64654789713529
-26.18939564781668,-175.69991103690728
-75.7949999029614,-184.9915786245627
-16.210441962504916,-83.57630861673636
50.23560956168362,127.22067410241195
-85.7984670933489,-221.29752832479795
-83.96399718361931,-237.27908668094852
-29.045741632803157,-18.934160595751557
88.34514232378501,369.24309551052636
33.714529344582814,240.99310279290995
35.73399133451295,173.0051615180196
-27.616001832427003,-84.47987521965243
18.73215824170768,102.70887271204401
-97.97376319445132,-260.7347147632815
27.219209281908434,76.29846622367367
82.65738951524736,276.70643417679673
22.514693668963844,83.35342711147808
74.739718693269,176.3598754881749
44.79461109321875,183.68505924714296
-75.88831671926195,-339.9155437149681
80.49066145716836,304.3702807467202
-86.71123112884503,-240.22482114419512
6.793494509552758,19.93340775124287
-71.57257524130847,-146.6482198352361
-97.65867785381919,-394.83041745929154
-15.593147974472203,24.987016170938915
-40.991858469168754,-89.71465182174461
-2.7999012404794,-75.60131675721235
15.439977346910155,209.57963566621217
-91.25218553821053,-302.56991365893515
-75.39934097525088,-287.77189452115965
11.728479290085076,-9.304682223903079
-31.366529365468352,-100.78375416212293
45.834697509889594,174.0510976651156
30.458329718387944,131.736430441341
69.12087259798136,247.03324628173675
38.49856533384505,186.40624417421236
-14.01378452197038,-48.42973746005865
34.59332447888647,44.3284298140791
-44.923765148916296,-144.7012528036891
-38.73730024435746,-233.95443352391504
57.79703198415865,239.97814348912476
-10.716096719683563,-66.47135003302424
59.6760681036705,237.03425610863678
64.48447473365567,311.39941064402507
71.51246753225675,222.8562015994986
83.32704716824145,364.70747801445094
-13.802955897340752,-49.979823975000286
-36.226636335772234,-19.13348707192354
16.439749318822777,59.28149195596905
-25.76551531247449,-112.20395286899529
20.214833360046597,125.1138392799275
41.11717252876491,142.1206173694954
37.68100369842736,109.81103723804532
-25.089422595975734,-91.70497162110462
-66.62795966024945,-215.42818542002314
-13.894132307558493,38.47954348578797
-71.48117118361824,-326.8884864156427
78.01940703676166,294.22195757618687
-30.824507852428525,-56.64059775079769
-69.10805055533524,-212.20574819408353
-94.91044801884982,-246.69330959429766
29.164477257296852,118.35840391261277
27.380463490948642,106.60405010902299
-31.879166683741673,-61.96060604242868
-85.6576222304698,-274.83598705907684
-18.0742210209536,-62.78021048736116
-37.75650098732128,-86.3405514763055
35.424127947001864,111.35803315367426
21.155849890538065,63.48661701591687
-27.081254360491997,-101.18409135000267
-56.42148914900198,-109.82175401318656
97.60719323111837,200.57435850962864
-9.199675760777026,7.581076575427524
37.654847156047424,153.5055557561771
-71.88940648432785,-315.6564456570535
-2.8820600681204382,25.399128718378577
-94.4926560261069,-286.9366964997975
1.0910235820899885,53.30054410518496
92.80348142354046,212.22078183014418
-23.15865740283995,7.2641696827820965
-92.20079748501769,-339.58962643180394
-93.80884181613129,-274.00255901880075
-22.40264801062611,-21.355579003077082
-67.99501270736118,-261.8173987567288
-95.32958073436282,-280.63053495269236
51.24272279003537,180.0748677195059
-8.29539822362186,-112.60275274958437
-42.15104560546909,-69.14156334275287
80.01663660329615,261.3059799607246
-76.77220795989487,-291.42740099653474
91.18376579106385,318.9898868668874
-37.206656524529436,-96.61146156948362
77.68073446173625,289.01905007497174
20.588575295892312,119.46335977098161
65.34147194829748,181.72068349260826
96.80263264209285,321.68989572578823
-42.318912436250855,-133.91604714295468
92.2270970815186,437.6892044182503
-22.103621019515927,-63.053300488993656
-22.89761905261554,-5.880553501072811
-31.922579149098866,-89.80126858263016
8.281521469517045,24.802393271431235
-69.17099136430258,-234.43469098078106
10.742297071602238,49.17705414916377
8.340962482000805,79.37565563503975
52.38036252097399,272.0618322022367
66.72999238751711,271.539015740626
-11.91172993751519,37.66282915578461
-39.53335012970125,-166.60621233543864
-48.13302053658111,-169.1970973187354
-61.075232659025616,-229.978441016973
-88.47048356019502,-273.92446291693994
-31.51040423305733,-108.23433407467134
-45.95046157384335,-104.33796865674194
93.28347717328148,299.94208452486316
11.54176525000878,62.5477270410948
-30.544592193898495,-52.563177128031924
16.0935201987392,-26.93781805644332
-72.1606597308609,-126.48074369150298
-11.191250159559416,-33.32696980245174
25.246864284212762,7.112029310936023
-2.2204336415097288,20.13317718355525
-19.64423986913515,-47.082666143315464
98.76967777993963,361.599153251164
76.06295242978541,335.7798891505823
24.681191631888026,143.7564192829609
13.87547223645656,83.45796237879021
24.132095964916815,126.97011757454123
-59.73757843551335,-194.29944699620106
-20.972451347136285,35.370962747025416
-92.10809342182014,-376.33812789425883
-4.8907925026346675,9.864809951573493
8.60491679153263,53.368440329803214
-54.45005277935808,-129.91116442452363
92.80576943310274,302.6274991446146
81.89092218744841,219.43459753624265
44.428647091181176,183.34141562404378
6.677325753072523,57.43216474668404
73.99383192953698,353.45838222576185
-73.86953123530742,-302.06146163983027
58.101958854977,281.0915443282555
-75.03583720663033,-124.25471202185012
58.84213250988108,207.05921940845994
-44.84648634972861,-201.50981319871136
75.4181162036378,263.61468839406376
88.80841876507958,331.5297140463476
-70.24080611897688,-197.65342766607333
-7.464878986921292,-35.6968129461269
96.19747563253702,434.4510914212467
-3.3185128053706734,-47.34141056920044
72.70950450290903,187.5230081515416
17.746304426263976,137.44758670628977
-24.934018416079624,-181.00011601658866
-42.84328889482596,-140.15799957552667
-59.355381782782544,-31.85977977933652
52.35963827553945,202.65655631639152
-22.691898635394423,-115.46002775869297
2.2550924401502357,25.02295035118614
-1.534903999763614,12.087796569850674
15.455805846626248,82.1278174808477
73.11542912491043,309.0171510451675
96.14786871668588,304.5619820900136
-18.483158285236613,39.68634876351153
65.5037844212606,261.51895969304303
52.90555893094353,241.50915857839254
14.705790291114653,40.062796031119156
91.20942872238663,403.5521073781299
-59.90509689431944,-202.52045957077127
-78.14715793807572,-239.63742710858847
70.79239339108443,221.11807300944002
-12.170036673250337,-72.44170967648253
69.3937708414121,297.2884632675865
78.61804103908298,272.9828021264211
-87.5084812761857,-328.97083884186884
76.69295259721213,256.266166988891
-10.336188926115568,18.77099234446657
2.0864978008464448,-4.149150757217988
25.318502218642053,102.73201118513899
85.27652134601735,319.21921222541556
-96.17678111404719,-412.48617819968007
-4.63130633643658,-69.76589244620394
37.54440848611213,168.21932416377058
44.5413915396457,139.0434023311251
38.506486307421596,207.6089476399965
-73.11297411837563,-187.5550542017875
-40.12088232566376,-84.4646548220513
-28.256894916597304,12.089457157539314
60.88744153590099,228.95157898849433
-44.248025517089395,-102.42399301462093
-57.85900722655937,-211.72657412275936
91.48960380761923,462.8321089701035
-98.22734297730622,-224.61401779877082
99.56417113639563,369.0686207032743
35.36425977147911,163.1042206954365
65.69385988982341,317.8933895826222
-41.07612073076137,-131.12339779837012
-97.136944466588,-352.8105091730432
47.57390371230602,230.2081505434152
66.82891940013516,257.8231802046566
48.09522639070383,197.48301484972643
-71.42994253983228,-271.7183660428113
50.68558445139382,111.51593816170856
53.78455642152821,220.05306796930375
31.70810313401097,176.22646304374837
53.22318655911724,194.99081550310822
69.18428793554642,333.9664837523558
22.72082284749169,64.32706369544368
-82.27905720606418,-320.71192296952063
-2.4744380665578234,7.977951407241056
-84.470133065679,-279.775094497441
-18.491393793513836,-6.221441710537292
-18.57870217487448,-83.77359881525992
-86.79803117195169,-215.388397261086
-30.235893206104137,12.520221904048213
-77.80038024173703,-254.25853219449672
61.647042001844426,298.2501680156714
89.53760519289415,280.55676464386653
-85.53670494841228,-225.61739026034718
91.02304145834029,390.94446553216414
4.515319867349035,78.97548354521555
-40.08686440922522,-121.08217987580298
-84.62758494476729,-423.9089943687871
0.12485361408356255,-11.649369533314001
58.903108898149725,194.86508025929393
41.41729545333962,116.04778718366478
-89.95479770720524,-288.72964174786506
-85.4196329264193,-299.9168875185292
-19.42534347347258,-89.21930264540512
-40.94190119041134,-176.2366615788307
-53.523135388790436,-203.10662313502797
-43.79910021825728,-77.22189017140406
60.69654865937693,199.38666757644452
85.84561072637078,294.7127022206341
-18.97946109448671,-69.2629945818658
81.22220042649943,321.227377183219
-35.700859750423604,-82.14053470005598
-4.712602731241674,-148.72693652150394
-54.794200436800054,-120.69794083741978
28.095208435168786,190.15163123527844
95.79622303496177,302.77745375428276
20.698619208675723,43.83025499362329
-28.437183177290223,-102.04281050942936
29.563489198105685,85.67201122053966
-75.41586430692249,-232.7591813768984
77.73181605307974,194.7350918678359
0.6167901559672657,-33.737614855951556
-10.130051592071581,61.50467943649485
17.17295769070384,33.694353550062544
24.956772557880498,169.520117857728
-85.64483875469739,-261.99002586193404
36.52344424468049,57.36866912696881
-51.613663936894085,-128.88136401831898
42.79052650131797,163.88347764497024
64.50695887683935,223.0010032564507
60.791701510504055,245.0188099453644
10.500193481577824,80.48235146386199
4.03397846215023,69.49851571625678
-71.42480773211766,-171.0741846850117
55.06923008062711,233.1491009211127
-45.71812391065713,-208.79513812661804
-0.66091543641069,-5.995476909996967
-43.14518141449666,16.144281812692753
-73.23432740006137,-200.09559288112843
25.911539378347314,229.15475286479045
-89.13359303541924,-222.19587151400805
49.729046825240005,206.14176746612745
-36.482640947776666,-92.61888982816245
-99.97306139910293,-331.73471689070254
2.225827847445956,-59.099833326264125
-90.62961829447937,-296.30130140726664
-44.76608843582011,-76.14758189826053
41.395297491143225,134.90154147794112
-87.46207567562683,-265.51961491160347
67.86769847120047,300.11649694386153
-99.23601546828338,-372.8100761046156
-50.63522615961955,-179.78843477585164
48.18081123041429,137.73726478259206
-36.745970054138645,-149.7191755239556
-79.6215223867973,-323.05559253644356
-27.953216239914426,-122.85867990860183
-45.921342723094895,-69.75191549094018
68.54238043211097,214.12448005787377
-37.33041648297137,-104.33349673736531
57.786494355201455,197.1092925596573
78.37442896214694,353.2537982193612
-13.236516084694088,39.23030853375152
81.98862877087839,350.1636998050217
-24.536389207361424,-50.57063457062722
92.81568329802164,333.3019147010308
-82.1420950948854,-327.0910680416614
37.403853300648535,248.08993060837975
-1.237191908614264,-22.313822567777592
-22.470238908870584,-25.463518829404975
26.54237574972018,165.8765937551905
40.77141832686624,134.93593929876536
-99.12734606993818,-275.0450848789855
-66.60938225056026,-174.92217771001813
42.60921012686373,255.5304272131113
33.277082715641285,113.00246618340893
93.20950102573545,281.9400527260883
52.20755805015659,177.4519654033225
90.15454154626761,345.9835725386532
40.50810030696138,164.68898742861765
-40.38955827211137,-141.03534876611735
-78.92701554982871,-351.7044273732626
56.364772668987115,240.8008541479102
28.829844295183193,219.52167898725116
-90.36279752134075,-273.0572294185424
-27.989906819804332,-47.50789791663948
91.35996309685723,368.3821361467554
0.08022914204023834,40.13313549126083
-13.45417279605907,19.493693557198
-8.460078968141204,10.158407670789078
-58.22345519896726,-199.41595167904921
-26.258565827040954,-111.70442589508103
-26.03734880256468,-83.57940357301014
-89.52899596250552,-277.645011046236
53.51352570358364,191.49319190639406
-16.699113619224207,-22.729963510713198
64.43597736328465,267.4834274565171
70.06960022397908,306.9025723474359
-57.60118906026839,-117.46441326899034
31.47069643402571,134.04780844303286
-5.543639167403654,-64.79156534329583
76.03134758429701,268.85451170408004
-56.85186416470918,-176.77839620615214
35.56264006200885,52.68080240817646
21.55042445054451,164.8597115820299
-40.93970448563344,-116.17007007419373
-72.67981926976547,-215.31172571516493
30.327952095455316,194.4241554604069
47.71949162646615,155.51107918551418
-36.87453124733,-80.3587628214535
28.96652080446276,115.88961666052288
-20.973818477699353,-62.6127080227437
42.64137665652353,130.6351989076134
-60.15694502118938,-107.26914688983648
78.04300052723488,274.37549984154356
-42.51808070688406,-93.84007012930908
-26.442802448769413,-166.30017794428977
-88.38160958393004,-230.3362070592658
-77.69755753574472,-199.33089357725356
3.1723805424656177,35.97503741349482
-46.4814646544057,-154.03224959731614
67.09604514843889,274.83615830021444
-97.06132226900922,-205.27509489751782
-24.181190265612756,-152.7960008748189
-32.53089064618146,-54.756747882928735
-96.1344738164798,-362.05152346537443
-75.12632019989795,-243.9380405146294
-17.27146501627294,-52.84413351088845
-1.4270831105106794,-6.410703776675163
-19.14205054902618,-47.5204333742281
6.187535682418769,-15.052182375423833
19.0263349811363,138.05119424037542
-98.01523577443288,-412.7605007704451
-7.180968109299229,21.8548372588698
92.69984817751765,328.12267599458323
3.806456025909739,-25.223648599688595
35.50845349179065,154.39875575120203
-37.62722841662336,-189.54285379350563
54.798275630552496,213.77965579291546
54.584296375223005,139.9011919227028
4.259209530827789,57.97083757378882
95.20276465584271,306.99180961393074
-74.88995704746932,-264.66455051760806
-96.6104670220838,-303.4391651801352
54.03164235141921,170.4836426378554
61.43110747297652,232.11067617200268
-75.95855417588476,-321.54646467783937
-46.88343340827878,-112.54823674916796
-96.48952732667422,-229.4676553658212
-41.33827784388706,14.926470941893342
54.6283747837343,215.757719076392
3.5921055425157817,71.98257643866458
-30.38088136634238,-175.3643684275728
-25.652141018733943,5.354222749710601
-99.72927485690637,-290.241036762967
-40.03989448695282,-144.33630295189653
29.291748327586106,184.38015916100184
94.83888876327143,339.21230683918293
69.4121653967799,240.04131973800185
-95.28100707089418,-289.71677847675505
79.71212093496786,245.82469828087156
56.639682659725196,269.32012752903563
56.07522471419608,163.4637959033441
-8.400848199285704,-61.905708188659275
-20.398941409099436,-96.88078435226474
-39.41685423336148,-79.98398794095905
-86.86102820912684,-314.85236680792934
-54.35292730126018,-237.63503477276907
-50.67927300439508,-187.66145551217267
-3.1845860579596774,7.251830263116785
49.48888131933879,134.16246043446648
-5.2380343204106765,-55.917175573154545
-88.43111011056789,-183.94406868200838
91.55796019764077,297.4245905010483
88.54486381882245,313.7549049272282
57.03790862968168,201.2708301639216
98.26558031284412,342.86169070643234
8.896466560052588,82.20496995863917
92.55367005064122,391.3449927008467
-84.87899187664985,-292.3741931448541
-26.86385034772573,-135.8473905466575
-54.923746398646834,-108.51110100281876
-60.833383173146,-197.6838956658451
-71.83941022146479,-144.92184503226832
24.48272831319933,-6.58974578206049
56.264371149461,226.6954600872795
15.659679884072133,170.73919628806286
-70.60745808235806,-244.78931006016114
62.22475398669417,226.5119677866978
27.190941432745703,129.94387959412688
-22.3668587746009,-86.22379665535101
34.826059107212586,126.28761027260741
-48.01900415143343,-164.95726923958716
-30.961558301157893,-119.7364907753713
83.49716862639804,373.68291770242115
-41.89909886571592,-103.59294441518396
-6.002346368412674,11.523199315720744
78.02822747920294,333.5273465217161
41.5442700535055,152.18715352709592
-87.55935476705945,-325.1679326023531
-70.53939114420594,-257.01908423544864
-98.43168184561664,-324.4217344044278
26.18435804583268,58.68466774176928
-10.46531491791633,-41.641653042040936
-73.1450298195449,-261.8134364619789
91.5868242113541,446.78169623119004
5.931944789123975,-97.92894023476191
-51.62134117742217,-169.65568019125925
0.12071423094151612,106.70718944903385
35.92406654702157,151.8264561211982
-84.75215640528711,-238.96167374745025
-45.0592369904216,-132.71601371148722
61.39309817679873,201.50917455797153
-8.067025919467753,-120.3303874435828
9.315428406458977,62.87678377442156
-13.436799558106145,-65.80912868349107
-91.22001147139898,-339.2868104581616
-66.8500440359688,-238.92451692484642
-10.891672251621827,69.12221745049828
-58.162906918414436,-63.328297101751886
-90.00419426806425,-284.15428306180485
68.72993281036474,237.31640364069023
96.23850583282317,297.97344954232057
58.62857479934789,248.62701987502106
70.7569843409334,356.7947251965241
-51.604573936590924,-172.9830281293261
92.12539510263994,223.4890808215786
-60.614859109314324,-158.64952329182393
90.28596207236646,385.2708528257851
98.96385879319021,287.0812237568734
42.34456114920974,177.03017320538171
96.22874635836439,379.3619130610803
13.907955913420736,65.02248059652565
-48.09164336478193,-187.85929773100443
-12.60082286687583,26.6939811441124
18.712187075757186,65.32366746671602
-85.383687594597,-353.10221471608617
24.468652923449213,3.1665609485881987
96.2355673524589,419.86696173357166
-61.978470043254475,-166.09144632783477
58.51902325767665,229.21525875832674
81.57975875592388,283.5154238031934
88.74031856404417,304.1411942639983
92.02712088108944,288.3080906617325
4.291927744294384,13.4489648770361
95.46158159830074,248.11117483804384
51.462041426887765,163.31396232068147
-67.66571275260762,-232.37687045168133
-4.619978706406002,34.324076887099935
43.66623507440079,170.83549959173456
-50.531936836183334,-117.11562323286373
28.123036709777466,185.8873837398926
33.320095809323846,189.52884002383854
-67.46005123828682,-192.58468696507603
13.017062490551254,66.15285267596859
54.325382195721545,161.09943726434744
-0.22086709281161632,56.22416774412516
-97.57937664477852,-237.54044914564832
-98.19230618414156,-306.5677696619745
-28.59413120599757,15.783498200314654
85.2388136863564,242.0572624991932
-54.26464407927825,-227.63442351645094
26.872737774337423,156.8146575975941
-55.58482586133589,-161.33238000701306
-35.66600206809028,-39.1418984097256
69.6084179202968,262.85588068470184
45.772288453989376,136.8042384625462
-80.92014453735787,-273.9001679910047
-14.259595802713278,-106.54278385568318
-94.1660472709471,-366.01069910316664
-3.8219706793982056,55.24530251800679
32.486802340213615,177.34317891422813
-76.29947528036969,-228.89794924099004
-42.223012218166865,-213.83441881160752
-20.43267489956861,-69.43454092413457
83.90620493120994,252.42172282623227
98.65100308459282,424.1051734854631
-91.01774020087683,-327.74819738119896
52.20158469907841,148.41816090769697
-25.655186719531358,-68.30334526228853
-21.508362754104,-87.28699248109459
50.85299466940455,272.1726768531013
83.68528642908174,276.15795762507656
90.18571890050967,265.68860319055227
15.424517207664152,-33.65986556105126
-28.575768139899438,-81.55451361031879
57.509817171755856,193.18785440824917
-49.799723347539945,-225.74426204197613
12.814805766703557,124.31314324625171
-28.284307695025362,-45.63281956112668
31.326214741575228,128.23085764865183
-51.92021742129862,-93.50444876600183
-61.68141085303485,-162.75813631569133
83.64781733508741,271.6245655968843
-79.63926341009262,-310.69843013486246
1.1915815469863276,65.06961263714521
-55.829443407398216,-155.5847041025262
-92.21400733486651,-294.2616372734997
-92.79623634171472,-347.1117173394469
-64.95564557883453,-176.94738117563315
73.35407090120006,238.96430399750272
-43.50425120459467,-137.36421194576525
90.09183411505916,407.66862672205605
16.324458597838714,44.09389330192821
-12.677162046246778,-103.01953001550677
16.017766933890925,23.434824675112722
3.339677045253552,81.4038109927686
51.75525075146504,213.87993449913813
-43.50078680542955,-138.69662275344112
-29.38992167993952,-108.3194161453668
78.81886050665014,320.13400715093496
89.2913026300811,290.0643166557727
78.5116454972949,310.0740376726619
-16.110401208537283,-72.94913267052834
56.073100601376325,171.37288284106444
-4.732853339780235,-28.439358430481406
-0.49202957077956455,-0.4924758219265719
-59.06397818854321,-189.1654154565864
18.226060651703293,95.56400203651725
-62.77282044933041,-384.12313614407867
-33.68706018656124,-138.28723854030258
71.00604032398704,248.9426422661527
-58.584838157828955,-109.79383162198485
-85.76834296531344,-334.18933079770363
-86.19848147743674,-273.554854266033
88.15690410062157,403.3006798389674
1.3840875923669245,-40.80411992407941
-18.11758563659633,-23.71278843486704
62.1757162015837,197.50141500881693
67.16518558210319,229.84646242289946
-33.56179337687908,-137.6218185167425
38.72361149475904,118.93977481086235
54.22456317037731,345.8815784916452
30.930137373190917,170.4782744097515
-69.68098503998013,-168.79655455062002
75.17661670341141,307.7178328037648
7.818910547201739,-32.946652504891816
-43.50551472599926,-112.52140302483207
-14.954362912461221,21.306210531753052
-92.48578192021853,-346.37021042272045
-74.42663975551649,-192.2269057862514
53.109350103172176,241.09953585380657
-99.99767304892677,-237.38985343056018
-16.68683430354156,-59.2930706880764
4.502036217117691,-19.123422353874417
-89.07311599980554,-309.8373114679467
94.61563259446658,422.93326373881416
-54.774933750065614,-263.1325621673278
-39.16025607274383,-220.479682026155
-39.21149754899454,-112.77047747490022
-53.91666757653002,-190.83780115656288
-99.70523558273771,-328.58192988079776
45.868958817599264,227.8069444233907
93.36909995985707,319.1633825535571
-55.14130334299099,-266.6448532469995
32.60943836068449,236.35711212239292
48.37926539174302,139.46601449916176
69.68507581810493,210.9459092627624
-15.474160597278171,21.026438595656224
-39.41381887191415,-137.17282210377545
-34.94097319539378,-105.46289878561878
42.52426661970256,192.97443937197488
63.355893301127196,295.92478170944497
-63.67720644867947,-219.54325722946672
-25.811798368446958,5.656306006150601
80.38803934983002,194.5681452876648
61.338703938947845,272.6748256339713
96.97168055249517,317.4245040328502
50.84965193641614,266.58734760785603
-21.36095979441555,-47.66113533892716
18.127566798927546,49.80121719577633
32.202850849464056,165.8520326242058
-84.30883673657522,-230.42151121765068
8.899391820773019,83.24257751563748
41.864165694521915,115.03976794917367
-66.53573919978793,-237.07594338036196
56.12634348511142,216.23856034181821
16.75455610282232,76.57796372737509
90.44435713951893,374.0425237602336
-91.51554035862166,-401.04945288050624
-46.9347724889066,-127.55535098349793
20.31077585996482,76.58864778804488
-40.68801755881386,-164.33309227504614
42.884832814248455,132.97257596138962
51.801056504386196,190.5768145394535
-79.49680718670511,-438.29308037644375
2.770892841353543,-5.366353594840099
1.7781111182111715,-17.567352318575566
-26.14384595689178,-44.864300382990024
86.58497251393442,282.7710696732444
65.50126397464425,238.49873390273038
39.44187638192736,235.16039871981084
42.865327146999505,219.74622100526943
-7.6567712373761765,38.314870666356015
84.19890421931518,289.70254324706053
38.919085450657064,183.36841304178233
45.796212331163275,168.5918531363918
72.33818075746905,263.3789721172948
-45.1856821315618,-117.6656202731388
61.414180773340604,205.09995328564548
-60.95187940870159,-118.6814227082954
-30.931609551022433,-96.26714040847537
-32.877909146031456,-64.15465369812685
95.7050936778281,427.74785183526325
71.30744474958536,321.1587453523075
40.23397231805194,90.37294797865555
45.411352323078034,201.18452788126731
12.414558880514221,105.98692580483211
89.41813342170383,377.55661808400083
-0.748249423527696,-38.283614688078494
-23.896458026021094,-96.48936494194002
-67.39293261368181,-166.14735236080526
57.24113045221159,182.2559380486083
46.88878641511829,169.1259496196983
-23.12899229517302,17.84231744199289
-94.96131720815413,-314.7545727477789
67.79946554360214,220.95942251091537
-97.71640330918527,-365.8882794252937
40.73995592581019,179.22581221959507
94.05142194521142,282.52257638437953
-12.46773437035931,-36.00386849107849
-53.00531900080945,-148.857089753332
40.97420200867634,228.36719805775056
63.42562840311703,275.3671034294094
9.286063215569456,16.797965355384157
93.40705505122924,405.8456585574883
-89.66625566840779,-308.8076467168011
0.9591196609056283,-38.42823228930075
43.690789464510004,164.31569516251142
72.5280942298358,345.7567898617104
-64.14887761844199,-196.2590691613007
60.00069635273627,230.62853045106627
10.54141514370906,138.75553523812437
-20.689263602007358,-123.9801649597471
-73.65699428418128,-302.0794356972731
73.05915178178248,194.91470768789708
-68.54535836405694,-201.27634495019652
-38.04242815818015,-104.82384219787431
-41.990893607512625,-49.83130926230538
74.28280683817087,292.16357779043653
34.5405988417796,120.68423797226347
59.33627943827446,227.76672167786597
-49.90642024150021,-148.78709992220283
24.974819921399785,23.823806058490902
14.349196628749738,205.73877041736876
66.56607535765423,278.97481465688537
81.2174120962521,314.7613577380118
-97.56864570452264,-290.73206075190024
34.80398381175854,177.28449237048514
-89.6328401760542,-300.7426148913113
9.771733015471185,22.639008742114118
-42.47345419126436,-98.68455535334006
-38.64468009557176,-95.97083830792855
-29.408299309528687,-123.42355253782083
24.258489809922025,175.8564949030903
-33.190006866246165,-81.4974222157124
46.53981011805607,219.3803035265778
-19.094522885226056,22.765214285704758
-86.32935993800828,-281.0583187247872
56.75196849682146,234.4794900880809
-42.8483350814588,-89.46781085979998
-13.446624080147473,-63.306238470518764
37.08877664438032,152.51330139763115
-33.5087685702576,-91.0032606633442
-88.68286877065688,-338.1929682814688
-25.215790597437277,47.62657234266345
88.88971653886068,260.74933571139223
28.34687945971163,54.30888292463281
34.295829733441394,205.74673285222383
26.456430727527973,148.26082008617504
-60.201572208112644,-242.00374360243316
-16.333227179543968,-6.801844373319245
50.18795967266365,269.0503811041883
-79.72542048936816,-260.5521245926379
-44.429444782057544,-5.5619117334723
-44.736178306829274,-222.77971461730422
-13.596214481098798,7.104422009109314
96.07374818843701,414.5845354705797
-86.4994906632356,-238.18102224106227
3.7401988761190097,22.87290973413412
-64.1270635975579,-218.96679669201012
94.13530908194883,371.68084034118374
-77.33929905450717,-209.89982235817163
-19.279799527681746,-17.355626532767946
47.57699696692123,238.52238392389376
40.91088560548906,112.24460176587493
-15.454272621213548,-45.47850313042915
-30.69516640945635,-134.43387903928493
-20.477524289425887,-70.97697381729768
-47.14474736827214,-94.24557119823723
-58.93341225864004,-180.8677468689787
-3.3920604882220005,138.47074644871148
-46.293248786478536,-132.35605239318903
-42.507667020549974,-125.79224054293807
31.351212694911425,135.0383904042008
93.70746633997845,316.08569754692775
20.727440111875012,89.65420977268286
-84.60410658700674,-219.7249716989413
-84.8832772291866,-271.3929368957645
90.2846441691132,296.3232680977226
-40.541841938533274,-168.15067780879824
-81.58660278350492,-288.0632043255594
19.808917430076306,93.0243827258111
24.72975565805322,166.23347157699936
29.70096402373764,56.9289420147599
-46.51959442849174,-158.8098943941589
-96.97786315710499,-312.2070200781135
93.00307389089437,253.82547023665856
-49.821390861779506,-196.0547821645486
35.205257610509506,109.22397464997394
41.3259739757419,124.84239022257174
22.00148341589714,106.59966920672235
-37.418521157270355,-118.99280452553613
-45.78074924718685,-167.99692749520577
19.53365654054062,109.76592921952391
73.2191267223383,362.4206794104966
89.34674578467911,414.6764360834645
-78.81883911924848,-352.00452552048654
-69.03427748045603,-192.7663619898391
88.94725175661594,322.41421664496386
47.307045666958516,193.33242697762262
76.59876496595462,268.1815257037137
-59.47347317293137,-182.27772461089967
17.517174221880367,88.88047958018223
40.22791888349474,131.85012822478544
36.022377089394524,101.25994242162179
-18.369661826660376,-66.72860052428553
-96.92102166173831,-307.5106125932458
16.585211360852625,107.9980568471974
-49.37969216407825,-110.16147370726654
-9.949150771421927,-39.531528853322385
91.51620301676346,354.4989389238089
-20.19293647151305,-2.550148052630746
67.96032133288534,316.1408694223051
-62.29187885014977,-200.96321868210032
34.49209960500576,129.67576237053953
95.4013908877887,363.46107979908004
-79.62137982541265,-316.1602030338145
-98.3360115545616,-333.85651599274104
-13.283441473477126,10.737274766486557
-81.47490338972656,-233.0648053918579
49.67686993524626,180.35566455516746
82.90973276971178,321.0699747483495
-13.19580545824823,-67.41783611840319
-48.25767156891181,-113.72724307994011
-13.119336198678042,-29.8087485021968
44.68956357000019,162.61589991019375
-98.1891676839258,-341.74827869840965
17.890797896939432,79.4730992942951
22.658336977475813,76.91029717456743
27.5376493791871,149.28892462728302
-51.595584003824555,-180.34872141419498
42.81054467562535,249.48511116605778
-81.72170273364472,-192.76543439368746
-60.14593270663984,-235.08793896596467
75.49400933089638,287.71424612960135
47.744630145313266,154.57337444178665
-97.25088919773096,-336.7104903514889
-50.32474792603996,-56.01524435890002
-57.118703401367085,-195.29403276057477
-45.83873439260549,-122.42426852024778
-50.488045944022716,-129.6420961036656
-87.49474085143085,-336.26306160417
-8.211896680635931,-51.496412102686
46.54669495723303,122.61231377990964
21.34634494348728,50.41367060731664
34.574333719615964,-1.4913374472032501
-83.77016429275217,-245.9664549849512
90.29814203535744,438.75318918655455
67.69836676860496,264.33532064194367
61.01806369913254,162.74977997993352
64.5967610083535,213.94984438423984
86.54210162655227,299.95351344168307
8.85079322273954,0.0985374189196051
-59.94359642647482,-146.79345557290404
23.356721570508228,142.2615277155455
48.576298733587805,132.24445587667435
47.58347867080508,222.79622757019317
4.289804833376024,111.35495009567934
-86.30825613328439,-186.95098620501733
-25.777412313974438,73.03965805538758
84.15332169267145,269.4369934521902
16.889781951485205,220.3252581499584
7.666388651142682,29.122040853559973
-46.229297123561295,-171.42581270149023
-26.310216016684222,-55.73213731450251
79.06921783063385,267.6391957025678
33.29260950536715,156.47634030111132
57.47740535046657,155.1670593397679
-9.13091538646897,-23.895833955813114
26.04944389123159,175.45216533739455
-50.323278251358495,-158.98453845131255
41.092166056697266,170.90237053543459
-14.479733259332534,-6.916136171798293
-11.490897037050885,38.31494183620491
29.864464915376345,41.764391594345554
87.25612429378532,354.6226376201204
-87.19873067827581,-298.6025143360535
64.94864746940152,255.65216090849725
-41.523377917561376,-72.33431422334598
-11.21610909872443,-78.96571441612772
-95.6173342449982,-365.2928919296482
-39.7907844331374,-216.0392435016712
0.5262485260260945,-5.61607724709749
-88.7647845305122,-224.15512863785187
-1.7808541233669644,7.7376511445421485
85.42212577168547,251.97119541815985
-78.92135637843896,-280.5086845532887
52.88814561510088,130.71542447832195
-18.06578932480147,-99.48956772336324
31.034742904867613,148.0625456802223
-47.95268040295413,-206.5280477256409
-68.10154749172834,-162.7237009608841
-67.90747714575471,-221.2321845516583
-85.90161087137108,-276.3759028525725
-62.87065901975139,-213.9659549495246
32.84387699779364,173.59596141946392
76.33812236870162,326.3414226793062
62.82513711823236,256.64069750942184
37.02686197489683,177.8334722075213
-77.91362731777946,-263.3021791082494
-42.162510740810035,-100.4586372473827
-38.038624935506206,-130.02907604796206
-50.00861072047576,-154.91855641354505
3.001131941944621,16.771774328491304
7.11076297593452,22.026743449811025
-28.62280496577796,-114.63540726631237
-29.2421682527128,-58.96308369155052
65.71111958121628,315.51921417493014
57.85856966393712,281.06009240725786
-38.44083366385087,-177.3711846207498
82.75768877465185,374.1120632816252
90.5630034005012,321.06258682085775
-34.651491593991835,-71.24356982169184
-29.11501024138903,-127.21330244722216
1.1268306843917628,31.042903089071437
88.2241625067347,344.4707279184168
75.2638866284623,209.19336360363542
-79.48640748328204,-227.78906787427766
-21.453851345716757,12.208270681907123
10.674237949954374,48.62743554075892
0.6264945103080066,90.20113732747868
-61.22738641262146,-203.7805271167955
71.76335423363093,313.65096637003916
35.38815659936748,32.9300498002312
67.58167497036072,377.4747513619357
71.75285586989443,345.9079078067783
49.67117073314796,179.6178223533339
-12.157879750056537,-121.15703045738879
22.10935100308491,111.78414692607166
-67.92691877605137,-289.9404930698676
34.72908349498155,163.79446911030985
-64.14934885214385,-183.94443502428936
38.78991810203135,108.69455490700847
-54.08036784920627,-113.23293629150307
-76.489739969956,-207.43535475453737
-66.94310197140851,-165.50969003550162
-99.60157295618595,-328.16262016320604
43.747923570706035,102.3415291517858
46.48020981167582,231.57434795142225
2.9866699826518897,16.934774982492055
-67.72743978892326,-286.5350464208649
-83.28913249786206,-203.90999544380088
-96.1742067125426,-211.63934746877362
-66.85036460695585,-216.03868257330564
78.17110699662933,401.5549322183673
-51.69263165966365,-156.35847437825527
-29.145734556556874,-101.03286615626662
-78.93090310373336,-287.7810835723406
-55.527739050365945,-92.49296627664368
3.8449141560410283,-5.54999452324499
21.55053661913051,132.19034366570617
-50.92953716675779,-186.21157183661268
-88.45356815497655,-312.6028266711361
-21.793426174520263,-4.7645069123425685
-53.15932581473317,-185.05948266603377
-56.08921535403961,-196.5520227101533
91.97256054269104,398.544196758159
23.260097185144815,181.280204809088
11.375688634419177,92.04940038467879
-16.84497929533562,-71.69591631487214
-14.211133313971146,-55.26939156377799
8.181000767616169,52.62926587365847
39.285961407221436,173.54736802155793
40.429219236365896,112.10897182029204
-65.66121845891008,-173.6623676271921
0.02255041532539792,24.354592935618843
-17.60838099317961,-127.4147494080351
74.10539325387683,232.92255226553237
26.283784243675285,86.78681117028032
6.500813283196365,39.10996204913452
-76.92107156421653,-154.75981069955807
21.127577864682294,105.85508783336945
-76.55921886395332,-289.99586051876787
-32.55868488684959,-82.9238568886154
-71.43160703713363,-247.61501200266176
38.41472940487378,170.6894648937353
-58.74957723276948,-156.59513596291245
-21.628125362394798,4.76309359281511
79.13495552375574,295.7580195496438
-59.136723320205945,-105.03050524072916
1.5610127917558287,70.86467789795496
-16.145667766795597,-71.88181442439398
-96.37519179085405,-206.82038798056595
58.55162271456257,241.2804051644739
-86.19081873708005,-323.4240907783919
-5.148995804609285,84.62416724538859
12.13565898778998,166.36368571718717
25.685291322917408,108.2472564442329
37.726325861575106,126.85962749673305
-49.345523295456985,-161.32807940678254
-98.00424466831012,-287.27826996320044
44.68873247098239,240.30339639996407
7.131319869515721,73.4839860864837
67.22354064144974,260.3685526686626
64.27767258013887,319.87244254570743
68.66523355757664,244.68649379894217
-2.9810680040919664,61.112228904023475
-33.27432083262687,-110.86326283175798
58.311640518274004,245.6418897145037
-9.74117739414902,-19.772249119044144
-63.3115607193131,-204.3830716502364
70.99480391229486,249.6124878199215
76.51197535446946,355.03461529967785
-6.738048771965978,-40.22947260730768
-84.8600545380425,-314.02180351058416
-22.434782016613752,47.52794123410733
60.70753189252068,281.3687398565389
80.35480570924574,181.98613504770827
-59.305451500480835,-215.83201721220308
-86.60527759494569,-373.7179384604126
75.47009062656772,236.61078252222427
-22.119012204224944,-214.3422760264893
8.352192853512648,42.38319610259715
93.61316241015177,290.54897747746566
-86.68705441715542,-280.40942762022206
29.663601490419126,42.5665422723407
-85.17891548502658,-273.98061153899107
-24.906214306699923,-87.9175639794661
60.762909038689344,307.76782989484246
-13.305553448873127,43.9984060162253
99.43647078059007,407.2949278825794
11.811856989320432,45.010810429560884
-35.7675694728093,-5.917473391817879
-55.977734819049374,-253.57383575866385
-29.895893142767633,-154.81355747786984
-25.493345248089838,-73.41586336276767
-86.2572644552078,-169.19852014717134
-26.08516011464536,-81.41500574476314
-7.152296052155009,-14.195298343006627
44.547550447760926,103.82090876157277
31.345896944321595,177.0071185686445
41.753131045830855,213.7947713768757
-98.32726362462859,-284.69166261620455
-56.46652008389279,-209.09385393599288
32.3368576799713,97.84366346124926
-3.202126364050571,-55.863554794425525
-98.9373048663308,-322.0869419441111
60.89892848636447,179.12588323835055
54.56191465806748,152.0958760407717
9.683832598712527,32.70887824996005
-86.70733484474557,-307.93348071582034
53.303009906516934,179.6616082317115
16.742717546272786,101.92174125396781
56.39199543159182,221.32437411808536
50.34939847916809,181.81509315153244
60.600414391567426,241.2520967860601
3.6016132809249655,-16.97070557199423
-71.935096361297,-226.5089060690556
34.23149467593774,147.3403560080138
24.09475701039412,29.179306568505382
48.45063743981743,239.3619187578791
-66.02379878985295,-255.1549810258351
-61.00496001994215,-189.0018701094758
78.08190344386568,351.5072490802934
49.995559690414154,241.268296802143
81.64569774006458,307.47661151866777
51.74306423278415,182.9757746706411
19.431061198060377,135.38430962198967
30.82654740557473,161.62766480994253
77.82558478800198,261.47129575580044
15.761350902388102,35.42004580827384
26.478264865677488,9.056167945071294
-68.70465679927989,-212.76470671330026
-5.215755976779462,-2.390033169648053
43.27942239161979,228.28754710279637
-45.81146033672692,-122.38735650452588
-59.54916389509302,-121.71061392419105
-37.234638355116886,-145.18944563871764
-51.69987440143331,-104.04204385663567
-57.01747259272083,-206.00697302975567
-15.029831426382614,6.27539309727446
81.56770277670682,232.54904009193922
1.4119293477436514,36.698517685412206
-62.41592383693539,-297.69013050156934
-84.60566612382519,-289.47670573047594
39.231229027585044,179.32700129044332
-23.44024711272243,-88.0892924560833
64.36618931707184,192.75978117195308
31.902153728154047,173.96346151333583
59.24829010827369,222.19587588661176
-45.61079211631025,-164.11630475861946
38.47178449221161,156.74604178045448
-47.18760306125625,-13.323153617117441
87.81369589005831,385.0230781042813
27.274856306674877,173.59068048275407
-35.09763996493159,-81.06442392764235
-46.09762754154547,-133.0174327665518
-61.8146829856713,-316.15550486637034
38.92819177874557,122.29965390245289
-56.25687740041454,-200.92779156157462
19.060653185497813,-7.032317053134307
-47.07299461492853,-202.62627066302156
32.39378895877371,34.336437809576296
62.987945708107844,238.5416181935088
55.60504862893063,255.55596874369803
52.17026618615634,257.93465758276363
-62.455518861549585,-177.8550929114615
-82.32301060309626,-316.3003541707654
39.78976569747712,62.660922015171934
-26.33055724112974,-160.0003853140292
-13.530754719330545,-90.80677038038183
-93.77018144132178,-352.63861994640996
-48.08471014499016,-156.2839104070449
-93.2647192251072,-357.1347281942236
75.83715452024953,302.3788355042864
-51.320663356293906,-171.23599688700233
11.467433914601614,60.66330428815693
-92.20413586777391,-245.7019479036485
33.369478261131604,77.78158720394212
-35.39453084918122,-82.94562905751586
79.58383739153317,297.8447694465624
77.62363778680717,275.0084182053403
-34.94187632765045,-58.03375110347855
80.19217913809356,344.62333471117785
99.23153469975577,319.98583164972376
65.0831328247896,238.68293569386742
68.97426955104581,275.4705275578636
-50.19825277818202,-169.3442221247663
15.340479771551259,102.94274581481932
-86.54881720652642,-268.8612593273287
-81.01641263566606,-171.92938220703059
99.77852240665811,292.710871626814
-34.67215011481781,-107.47432488923221
49.63678240976927,148.30361285858288
61.333010605363285,264.87090989072374
71.60465420144584,189.75769520278322
99.5256594804313,385.6554436927539
-51.70070294862643,-192.45488188760956
-91.92983462806006,-338.462514504261
-17.7616964010828,-114.49084758082418
-73.9838660342106,-262.19732842978743
-95.51482216758897,-260.07685107201513
-27.914634571702777,-78.9606551774337
56.74765021504729,250.0007966463892
13.236138245014175,149.55857495586338
-37.44440215792919,-97.86762831162338
30.868401098543927,100.09942524178672
-53.59636393823786,-144.224663024693
-97.123710785583,-347.14779506525514
52.870677287285474,179.82623634064066
24.748616972801813,30.6255194238571
52.460524900191984,249.92471170489154
-92.21239666246687,-322.04351710110603
67.42392556613044,265.08865177224965
23.90524000726066,51.87024359508033
12.679070142528019,86.17412698462168
24.922809622906314,69.13277177341791
72.88664937367281,268.01783672276366
17.387301311781414,124.74685615319123
16.19007597763587,116.20323153335201
98.13583141315317,362.37390632018906
51.3460334137136,111.30456531266168
-11.541238909772943,129.2461923188268
41.479400006585536,252.47084853670617
-22.1539056616423,-21.40492857133313
-54.2249075033002,-207.44736534109924
19.37037537755188,82.11670573633334
85.6364196227903,292.5564471909402
85.82790400309256,383.5904609656434
-31.618944378901944,-77.54116078356512
5.535493244338994,0.16603343719484087
-57.67282028602776,-205.39262595733624
99.12622189977668,423.0011837777136
96.22358157358715,436.787427848579
29.901785941489464,201.0728289695254
60.882811935494686,270.94144502693024
43.020032256739995,157.93886945845813
18.63164380789364,-76.86493793882829
-89.33040060222046,-277.79840091736054
-9.047131489467787,-11.756398155342275
34.957260433482105,149.34951633325505
35.50632277673694,146.9669970702396
-25.375476315523287,-135.12727520178936
88.3383973316061,357.0548185031806
-66.5285935526438,-181.2392617326608
0.07188924311212475,54.36855145387539
38.17679531016455,200.94763376424527
39.42716117836184,188.1976463703476
29.72779135376311,103.54579916122535
-44.942357309627965,-140.8400929795024
-68.75868626267561,-216.09915855669578
27.18806536534217,120.54320123402852
19.86042322788755,139.4223640961929
-64.1287979421518,-172.2673551464068
41.02782911411268,267.464573877892
-8.96560165326872,98.9438432077931
33.5521183206306,141.41489325290334
67.47341595403014,64.32417841613707
-66.05431428461537,-149.3484766897905
-96.17102640063267,-343.61740935156706
55.82051727915734,175.29761438550037
21.939485030523187,76.8659338573628
39.92791392442433,137.41554639475484
67.63099499772852,287.32197299731945
60.56218696490009,153.99586542083904
92.18402938576494,288.75806556059723
7.187015770423642,62.31248290635358
-2.3008734680189207,43.09414438259918
-19.622560021853985,-16.60187782968835
-69.2617914311591,-261.76808395572175
14.521446576404486,21.9117805541037
-44.59749513480424,-161.4229746612108
84.26150244259509,326.90889616331907
16.638160855419514,152.50743145759577
18.568036101622027,-17.38373293286041
-29.015067824597992,-92.5891752340113
-89.6021296044585,-360.24137566686494
-93.65124692540228,-390.3914981065825
-15.332971169360505,14.682433174479065
-83.08692438055243,-243.57300660696657
21.369391108027827,117.26454467546051
76.19460112793149,332.7323959343099
76.58296330374444,264.0544267247987
31.809082026446475,109.69991127588624
-57.7536337054138,-72.85118713281958
72.59936627177441,261.76922923823173
77.21868706264164,327.0220103719503
-60.66928300940826,-192.02341348476315
47.485217154135455,93.78533353555333
-42.69609021457541,-231.66776594107736
60.52806247058592,202.89900765005547
99.44757998072055,420.87159251602134
-93.99479893412143,-269.5672134376248
79.47317315818637,343.859964264854
24.526106719731615,56.489064572244885
94.67652383296422,432.16145792149047
-6.998096494714474,-52.73800274081987
69.47758611427474,273.81277133346003
-87.52118628034455,-286.8417664765928
-32.94418998434085,-103.9983559609223
-86.59669244975801,-216.1588166593727
95.06862669581412,317.48466742705136
63.39478145436735,174.40147230468932
70.50948424919409,267.78296918250027
87.59304628677884,306.5843252893996
-82.97930277604293,-101.55841376201795
-22.88048149733332,-26.256311418667863
-85.79302219119958,-300.74260643012974
-57.84137968999428,-235.25040737433432
-54.12684459246553,-263.4583766020686
-6.178557790484263,-52.88590655356657
-46.287566509271485,-136.2593941944936
-79.80437863644778,-187.94889264782873
-66.50178218117846,-156.67178051472865
-70.54488728958182,-215.4523639312174
94.61535958245966,334.9953752534846
51.858501383694716,214.94537266353922
93.5522930539124,321.50112581446456
-12.051902698418289,63.73654034372978
-44.32630366746868,-144.6015718998944
59.65863944183732,224.4883451340943
-34.749216391770645,-212.41337862223065
-40.12332525893034,-130.2033807323944
-53.49880155843376,-125.42159855627114
-74.06420435515292,-292.6108440949625
-48.707387796646806,-188.01187401290446
-28.936050305222466,-41.6406251815954
34.79884162914607,67.96308452610857
-87.48703155610968,-233.31456006928795
-57.898612066931406,-209.25233674291505
61.804728058335286,216.88813717961335
-70.61561528324584,-283.34857374764016
-31.470970695495694,-71.24608441284077
72.93178437162803,398.25484455216707
-69.01493777131147,-182.47742022655854
-83.45263287636202,-315.29847816429384
-3.092400983997834,65.95762583058138
-39.51609774429272,-134.140319401737
12.68167289677082,133.11010421007586
60.76097809669503,272.99724344665077
-72.57030236945137,-381.15313656666643
16.139816910856993,26.2853775402481
1.1017520779727903,71.07539341467425
-71.18424279736008,-221.56198618350942
24.799697105796483,55.611142484895154
-45.27191642784567,-170.13118327215048
-2.433136291197499,-83.82780802366028
-83.54553514458763,-276.8280373823765
-8.083188557275392,102.24332635032434
-38.707306391435935,-75.22890283340948
64.47624223707086,355.18769788916916
-88.60425460052635,-245.9950366123432
-16.278545016334007,14.399059610465557
-8.313715173712396,89.60593127925782
45.00121525982374,196.3674163764944
14.857515018042193,62.639936487803666
33.44246743883622,188.68151186702738
55.40985713035121,286.6265118123235
72.44059473163776,249.54384942512175
-37.2249006555059,-146.3656064112721
7.6045410727805915,53.55869537627608
68.02161568783998,299.650598254023
97.8902261930113,402.5203441086176
77.90386220875263,221.4551377212543
-25.706547475124637,25.607387190229858
-60.966696556269916,-225.4416844167872
-2.1214925186822597,-0.678473659816877
48.32829036720844,144.01629828583856
-1.4861858493404867,149.71479132416266
-3.363827337266301,20.330137833966315
67.64608421636012,214.2125407231822
-27.719244186562733,-33.82117715484728
71.95893496232912,310.3130613336536
-18.639039809655287,-54.6229905127877
-34.353378864332115,-58.20649038599324
-9.202017760060201,-53.47166020175393
52.48939173497368,179.0669573249453
-74.79959442720114,-342.30941322350714
-60.71615682559652,-258.704103100566
90.28896513261839,426.3929182476986
-64.90167452372853,-125.08442944693415
13.545463586210914,70.69855498418632
15.862893332387571,158.66669902284838
-2.0751075899510454,4.733399104756103
28.949049715363714,109.1511588753776
-54.034654840476314,-166.29575951838927
10.532453555349647,50.6175076775455
-25.565348950620574,-80.23853750518103
32.33345192583781,190.33698709790994
-71.75529132537011,-223.63673694098523
14.175483367895254,105.2382800093236
-62.94592892333526,-148.74172496780687
-44.27138737699272,-115.54056603673786
-56.25803993528336,-225.4167060689037
-63.43244402623658,-269.65684854002996
65.14219031213341,255.4366978328322
-42.85848646782193,-138.5675178786235
85.42475637288987,323.35621875112065
93.98530506903816,348.14586577920426
14.252093987419471,199.0610119642965
-71.39977546685472,-296.4105269160584
-25.09035132408374,-167.31354312534933
59.546452669642804,245.0314260197303
-26.52185426058591,-91.64761764146046
-82.59655633944226,-253.28455370155035
11.356982185637591,88.94358876393163
69.02417029920696,325.7898308061692
59.18527742870049,151.78717998125478
-64.97537197392936,-235.24969680161092
34.552922882493334,162.37329303276485
-55.89914731287058,-137.1238358106857
-56.358493089565556,-67.58224829906015
74.81435466103704,329.635439869323
-50.066209451953966,-158.07116287615273
-47.35053069639776,-190.24864508452526
-99.86932184774008,-357.7571191030412
74.13380682510353,249.83318274000703
58.51896264182693,257.57805067208227
25.4657870181356,121.98012684276614
50.053152787768454,129.00355621508064
-69.59028651510164,-245.3610762573774
-8.335281082484912,34.703893883873846
-29.75612253024383,-66.56331110715045
-81.2446947485967,-235.92420081944994
-2.7739029570151814,29.437425153310016
84.14793006852707,395.8392919702877
-91.98817618986111,-290.1564634732954
-41.70781730124122,-145.27850044787917
-58.49181275885931,-230.50909671268562
-52.37066926686074,-150.816869523527
81.68691037587504,183.86898557680843
-6.38618915314197,-11.566112127632492
-6.740117412036241,-13.882403938194042
52.11512849105645,134.17940703783353
-69.10155919901484,-268.26874912935176
-2.5469291799898457,51.568624377447605
-14.002957175788055,-17.474762661510063
19.382138109331223,92.92690006802566
99.91154065008772,385.0077689719081
53.889778816409404,213.2456052548791
-20.42685939651456,10.649120255114767
65.51061045480938,255.4585956770153
-65.85832733750397,-283.4148013722014
-93.90726273820798,-227.16892134000744
-59.11032550714539,-168.3691259085666
-31.917688777148072,-121.17459725977164
2.116151491911978,-35.263555693059004
23.025828108239963,120.38610942674214
82.12114344288435,301.5654018013764
1.970801910091538,105.60514598694081
0.2551289251458684,3.5975872046691464
-89.95139803540357,-336.6989326080358
-93.01768946875524,-260.77210222884696
10.231992383274417,102.07606797730202
-12.364277350331093,-14.842402345649052
67.83607899605971,291.24412886995435
-67.86408305763096,-219.40864673882027
-95.00566757659008,-300.8265814676029
-10.192246413974829,42.57668167928425
-52.5042886495485,-132.4990935723446
-90.07712533223251,-303.73366057944503
44.919657369525794,244.8369280896478
-77.6814000085505,-370.1276686695023
21.66390000155434,198.42731557653693
-43.79004996662217,-218.56312962771437
-65.3007899289956,-239.9074059900994
-24.0496954161365,-66.21981071623121
60.289155244590745,223.68800981965953
-21.581284619085466,-5.213944165471396
50.15392984221114,142.64692351722726
-74.90274064016987,-229.12125136644136
54.554283933015824,182.02938885456769
-52.61333501867027,-149.3896235984751
35.478625977774556,140.93657793231714
13.156310968199264,70.69387102284632
85.82894344233748,292.9050604249639
-22.53549640493719,-84.37743492208429
-86.76696223311191,-269.3207421145203
-96.16890288974942,-269.40538482632076
65.37171219455061,218.88702597103477
4.94712753228643,-6.12343086564298
55.04881036698984,243.34384456805628
-53.11487999769706,-167.52727464482416
-30.98325089735326,-46.91647144143881
-93.97922555773621,-354.21715012063413
92.29846491482243,254.07268093070695
33.57358134016269,110.85733059925269
86.64101755186124,284.9259309682635
-46.900718514185535,-148.09193480366437
22.29272224513217,66.18226714444312
35.699993658527575,182.00082537166898
-36.49005994848231,-122.1227229408139
69.62184700312602,271.2001894496361
89.43229258004956,340.8947519522207
76.97102353920087,299.14633700781246
47.813395187874505,186.14042763481208
-44.507064055009195,-110.2446896720165
-43.676791578873654,-172.6515272173482
92.6720640892076,414.3231206449207
-97.94310081286159,-334.62772201344234
43.2099946484289,105.65752437456707
41.24923251105244,173.77598163827219
24.537908189959495,63.32365454248398
98.02176921737316,396.3429189862498
-37.624112847254956,-1.2041161632734827
-32.00562724135037,-131.3482999226188
-84.21211941068889,-258.1238012762119
-11.440372691252506,-107.81658385461515
-47.79029475303038,-124.57077016353898
-31.322659564471152,-133.91499846563352
66.91435805112553,222.95852225721524
87.09690270549913,269.7748349772556
-62.85338559896287,-163.3792882936333
-25.498213689306823,-18.878530038910753
85.7261124230788,321.2106542137012
-87.63830786215547,-329.9554127843302
-81.5278943777243,-185.87147851684188
-67.44180215875413,-253.56681394337227
19.042566825374948,-21.45263110755961
-69.9055457988005,-201.74995979794835
93.61527629014671,292.41473333343765
-10.65709454829593,32.13060875592298
0.30359207003327526,2.005687411445521
-50.6682768389187,-127.15330690900564
-5.807949513053302,69.74719403192134
32.3827265274023,72.89659961487196
50.23542739080855,167.52713932320964
50.77361654198259,193.92410426408588
15.57822253881767,151.40134483757902
80.87195499877146,270.1327065986778
63.48156946122188,212.46030831682623
51.4096229397251,223.84070906682828
-88.87889566390788,-319.93757110920615
-98.62440755607014,-317.5591323013647
-57.51054456090541,-258.8637770115753
32.70471878269046,245.18301286724645
-17.760502223490832,-109.54721929768809
-19.51874814013766,-64.40325368999223
76.91737764592276,287.5867699686249
79.11256962636776,392.52840041012695
81.83505281071714,240.18039579087304
-37.22438469699454,-11.100139665543324
38.211162547852354,191.59790997258435
-45.673363745126075,-119.00200688677896
-61.878033385110044,-245.80480119878294
-63.073508530526155,-172.20021775493785
-31.578475827281196,-126.69899651647418
-14.00847604403566,34.3033965057958
66.18983421101368,203.1113182831612
-76.02178130545758,-251.73415929190574
46.98516947897883,156.68443877576735
6.2909828378610655,-7.357708188836007
-42.41093146480151,-91.37226928140959
-1.4360830934350872,41.746646543458866
-40.01158604459547,-59.59004121103429
19.21639104766119,-1.7363867435942097
-13.23121542895116,26.899281115723134
-67.11889418422425,-89.64368437694017
-76.68338508886066,-270.97390226985965
9.339136414426036,147.44440805593962
80.48260665722069,288.5310596972811
-31.208462688462888,-157.85010628768546
46.60002144452463,167.81845293549642
31.7322709879534,183.4731468416007
86.3109828618962,280.1796159000601
64.19620345982818,214.66977915907427
13.321051781092592,96.30065284848362
31.406099646821474,130.07435460080382
79.67729331680698,328.1016742331615
-20.096243082613043,-38.44537375122885
-34.64105882844453,-77.2624399219772
-97.83778327296073,-344.04730074583966
65.31021483829284,260.17229903554454
60.19614008067299,184.3178399975588
-79.10909637996973,-192.46015620472463
15.371476226540054,42.08643095202451
-7.203660366622529,51.22956309429062
-76.2581808981777,-258.58398119276524
96.1136454121447,366.4977094803725
-57.060822507328915,-204.46110632018625
-86.55316398188776,-333.7358454950086
18.969475900381923,-0.8448537289283422
47.773335426606536,134.4404660634999
-93.5113107905626,-323.48503042776525
31.743527745404435,141.69630605035974
6.458375190290894,93.1232788301813
-79.34699822499032,-280.00236677730857
-65.49522461072759,-253.33132435090528
13.594859463216096,-4.553731178879289
-40.72847729734232,-98.54648964549293
87.66314573026321,395.9807358223884
63.74804589681017,306.43467403665005
96.7134413027326,393.993681966926
-48.065832209917204,-116.30324687133027
93.94472655959541,433.68773194405094
-13.753226041688421,-11.53221807506895
-30.49624093724907,-54.430359479163165
-89.93009460612936,-310.7945242140527
-89.44694842807948,-361.166488041016
38.40225118933094,120.21543413767947
-8.414201113194423,-9.907655822913243
-54.69567479277886,-168.39559314966087
22.794061265046523,196.09350717043247
-49.42837634997777,-148.93545884536874
15.52635086888452,133.284400242378
-28.158250603461937,-100.30773919093258
64.7104453223638,230.90276434001157
64.13923215335586,178.0369306755731
-4.529920375519737,-32.97112195814767
-29.836178132996878,-58.077553897301414
-27.488040688181087,-75.83013338892714
61.14290513364358,281.1470989626142
-34.36410344047761,-91.21166462441911
-58.1881252586308,-201.28112498709487
-83.06233162493864,-163.30331749793726
-6.66137582311832,-8.00999381656648
-3.5735802160316297,65.64251772915449
68.18174208058144,238.57563695480115
-55.752260710787205,-139.6529385185769
-23.80174526632001,-16.9053254745357
61.68114777873819,246.3086157543627
64.7247221497947,128.81238138945133
-23.077784804246363,-59.85962377205662
-8.175195342663827,52.90981868867538
-39.342821830143414,-91.32583475411543
86.5109756838624,345.0803586549807
-76.27124685168394,-333.06221067876976
86.749884600294,287.60184256727604
36.773290367068654,169.27439784231225
6.31443053734624,62.61967072005644
-93.46818784310082,-246.40531844420775
-4.880761635598347,-4.326003481898933
-18.450378999453548,-24.2851221643967
-67.7562376049755,-216.32811952084955
31.281920700131394,80.13958562538203
94.23018147365715,237.01606860306268
12.437762212905028,85.08265235167143
42.950655288789164,179.02465393140264
-86.30990948679664,-312.9934353087967
-16.46660083660106,-118.59175575389695
-76.72830296710083,-217.062084664416
22.559167107302073,85.66108116577965
87.69643164283093,354.7812468683155
32.35554649432771,226.4468392507349
-84.6393903371157,-383.30941019589017
-29.06675900298343,-116.7136969455602
10.132675888170311,44.99558494300042
-19.35844877334955,24.986738000609108
66.72880209503447,171.7306563722964
62.93420094199783,337.06275458102266
22.36620402064429,105.07450915056954
-25.308410973458948,-73.37947149379923
-48.93272524735117,-161.1675265266744
-78.82513635737413,-277.7011288598109
-29.020463302689194,-29.165783595954444
-17.3654965584561,-94.2052756587183
35.16458502081471,160.3467566550442
31.63196485951468,111.50279372295259
-85.97837207174861,-319.03097467682505
-20.94813691376845,75.98027958600522
-63.64422655652761,-181.80225621017365
-68.63745893663886,-189.56782904517885
65.46042994744917,306.0003438495052
-91.6169566567485,-371.72684556454715
-16.163424819575738,51.0426085875865
-66.35926884669635,-337.705299888191
75.86604313569481,247.09283047300582
11.408102655007028,36.97677563357958
-53.7238727246304,-138.9473862876811
0.4854574332752861,32.63501432353789
46.297271940623176,173.69971475726143
91.62360178388676,340.0827390122174
-55.91079915091621,-224.58894820433517
77.23635442586902,215.46562076633296
86.86082283349805,360.33846103404613
83.28410890641325,346.17968679925565
27.082871372381973,194.01476856118984
25.964130886941533,71.37360326353496
-19.35787336323544,-13.111796256277906
50.479576460757585,182.49318119441494
6.258803670186381,101.42956210532644
35.487614245658904,195.30478869371325
-14.308419230240915,-19.518997344620367
46.299292808627825,165.07101699689807
64.8943035209098,295.17667125359736
-70.71274867943677,-195.1493942152004
66.5859431148456,218.8287807976505
8.059306358061448,-18.18236142075647
68.93318181804486,246.8394913290672
-13.739658731797078,47.68188520612068
-24.191902923392988,-7.347302295223535
83.01214650344448,254.92613927852668
-49.76614649031974,-212.56938351111515
68.84246505722862,324.6828201842745
-3.195885498119182,-47.96739448130859
2.8190885102519445,55.331575967982204
-38.3063437021032,-144.87576372417738
14.608440123803135,151.98178665939508
-34.957760744757735,-140.87340256354602
-92.14611715166954,-245.343333520552
-45.60027893112879,-130.35804355593254
-98.72419131868186,-312.9249269036722
95.67095741137132,256.3329218722296
93.1494419639495,235.87737921353732
-20.968940505538995,-64.41958878275219
45.674170867929206,192.2049012085828
-30.83878031791501,-144.1956224995887
34.21863141719521,85.33053943636614
61.08600860919583,261.87466162349205
89.35124893844815,360.87209530742507
-19.9575448300656,-56.73845992462595
56.65959659120955,257.31867412853717
-46.81430987357624,-202.56019934352418
98.06646075872968,345.4358668012053
-94.84608024712978,-229.56740057577056
20.705761300224196,95.88627104777557
31.901196330265435,137.969812885279
37.609111414825776,266.92921925027724
-75.9224842421822,-315.6958031400762
87.70595669462608,366.7923667632968
-63.76334418998344,-119.97239067453707
24.55068064796822,89.68448594296147
-55.46478417538301,-131.14520527109823
-38.55671659574582,-164.0494829456556
9.291708345624869,18.184359431319464
-16.561316287084708,-18.71628620241476
-67.95487980469875,-177.9137456609161
-65.81271951583034,-154.2976926850939
-16.37104236744007,41.18278106093441
51.45659565510016,196.72575686509145
79.59292936955771,358.2558405520814
-83.17446754812343,-288.22587859088947
-21.37921848811979,-9.72269912900586
-79.95088725542468,-249.45366550137726
-96.68150387348042,-296.10136820308526
32.34373652879131,154.37847155187148
20.489888393317557,11.479358886720846
-67.39617723702275,-272.0927132726183
-53.23743338138718,-161.203944843979
-95.25844927109632,-397.7685264308956
66.98944113888075,296.0235991460704
94.9381192097103,395.86121554839315
-72.90809264106184,-218.81979659982693
-53.704957246940374,-224.02405100218743
73.6819047893868,346.89361370627955
85.29275959123697,420.3851905552473
-16.07452343863794,-28.90699066293409
-89.87550554618517,-269.03750048908626
-92.12163326143612,-292.3387836752242
14.789973213802085,98.28336569824727
-21.420978221364194,-60.951361606094494
-94.2695144844691,-311.671512687832
16.65047846251136,123.56255464365802
-97.7394926821955,-204.80701629286222
57.47439162985458,151.15680898440408
-38.71343545932569,-120.68764832778825
-91.94839939815358,-360.84242215514166
17.67044419663067,161.44779961701153
-20.46311711338906,-81.00780836285664
94.7600826714299,279.5002496607149
8.839732500740439,82.84841369502021
-44.95216379259834,-50.11701753693863
41.88777292679495,199.78709867182047
-45.701599491457735,-129.7157043560062
80.84865828151302,323.42735012409526
-25.055605898524718,3.0474124964412397
9.973712555241036,11.198030442636131
-89.88537923515423,-300.19118252735547
-14.775752409553846,-54.34964085891513
66.472707932199,194.26121239811098
61.12976107266837,217.5354007834992
-55.13628822929475,-117.5909540034092
-54.78418579788746,-143.41454287296983
63.461062442647346,274.3292435546757
86.0796840338651,328.6026747011938
-80.92781574539929,-237.08116597246809
-9.988272114754949,-54.98846951904759
-32.50914420715421,-109.25749902140119
74.13769109148788,289.0821306686414
-83.29501706399626,-257.6567667798924
-57.774811488392515,-166.20244746328015
50.49366751729886,189.81107220972712
-89.74123020375688,-312.96547576966555
-1.492923857142145,172.6633306522174
-11.578593064055994,24.814287922423958
-33.119764202250266,-75.2618009102448
-21.08553693621525,-65.45980418707308
5.988117386046582,18.39746950396921
-67.72652832232338,-223.5828788144796
14.399175656718555,85.03855697784911
61.086465859997276,139.7808533068364
52.03218595803182,123.64317108437716
-69.22001906124527,-254.11418616130632
-70.15010605170522,-215.16839934203986
-46.36512645101733,-154.24159993615325
-27.785054731792556,-3.341630256299723
-18.308883718303477,-118.2009323638506
35.93944336666905,108.22077830317318
-88.66391356683292,-214.31911043436017
-93.06545915478672,-299.1731408079962
-21.61788741121819,-11.420476799205744
39.43273842759609,260.5769316600595
-61.312931408703484,-229.28548082555332
28.30089625125035,114.08741998977462
-48.034372411940105,-161.74164848833394
77.21722176270328,192.5306259452977
79.1379888533233,281.463120798833
-40.5425591437347,-77.84584763403817
-54.0012492073519,-141.9748951351196
-17.73920558675374,-11.133061084237589
-51.89368296397026,-180.40333940587087
34.47676865834072,107.86382850391045
65.21293690965712,311.70806277873095
34.61842618224341,116.29863431996846
64.87008944986991,261.7494150142054
-20.601567558505167,-43.93875242089116
-68.73660585822783,-147.4922696909415
47.59018947951844,235.13628106193252
-27.905098971689227,-142.43077743426835
34.25416504582651,80.51191932164076
-45.87121160364687,-111.60374970930732
-83.75407303866547,-276.3561380042875
98.51635909755268,342.04866764374617
-68.75969841388014,-169.87755024885698
97.68419879269621,371.2676648788823
95.45598651328945,356.71882214098525
58.763620781607926,264.66410477338025
31.884592416399528,112.84062371022011
15.561410050216935,152.890884449387
73.22030907556695,236.86870060283388
-42.11209567610241,-94.54588154925405
-6.4637575030245955,69.06849067240616
23.877993873300383,34.708204092946346
-17.761904826101784,-59.3334256839787
-14.5027091819464,26.350887507465494
-33.943066499583125,-40.938505361989684
12.846363336907203,56.387491659763256
70.1149056030232,228.66861492673823
-59.69432439873743,-141.1333442790429
86.88660775068828,383.2805822564892
37.817530749645925,94.128190198141
64.65464253600604,186.09556642770212
11.23813852600233,70.59631894018814
55.903340284812685,247.12972266828902
-96.75992053210656,-333.61317612387575
63.676084955907044,276.8309883447921
-91.9722281829267,-337.4096289821125
77.9826752725725,187.20468350031697
98.39254944772867,343.1788694504205
-41.18650756464444,-120.99116915060047
-57.93628874284127,-196.56900859476727
53.072672771608154,147.82419151765427
-49.394731815949356,-243.6640101497636
73.1124766344407,250.18922800214756
-79.43148156850467,-213.12739690727915
-74.80896072412835,-179.0214905637651
95.8303110201231,414.7917577773536
34.76777965400092,100.89175203157555
69.37744488579057,205.1357409187488
-35.13412452969639,-78.1377051049426
35.29674990412087,175.29362524431932
18.84836546171944,105.97775937604291
20.630024024589403,-8.498079625825255
36.5064919075443,104.42849243223174
15.071834625819719,71.26698167607009
-14.187526139466812,-5.2954317566124836
-44.81546112389063,-98.48874580349288
53.716266182640396,215.21960775334338
-54.74551399936276,-155.07010867085785
38.47086123088283,158.8912872261451
-53.333435470134674,-132.38605543454722
25.066033990890773,123.37440154266325
49.41565342580577,196.24166999268456
-56.25722221869216,-190.3187177222916
-88.01133982773834,-283.97511814496016
-73.80525140116518,-214.0888109621144
21.199393454205094,107.57164653462088
69.88928124514712,283.6538052752776
-91.00063575291513,-231.36613206764366
46.83025180832925,197.16407746648176
-31.736270809989577,-123.5268738586214
-4.294326016095496,49.15019824337421
85.77190996911312,251.89176800845004
-33.6056990528309,-151.69061572187252
-6.932613212102794,12.528216993643674
-97.26351704786379,-294.6024762781943
-83.68025599903233,-335.1334571718129
-48.281681773043196,-168.12676025498868
-94.42955183578512,-340.80762303623084
26.275065209650194,87.62891208969585
-14.7203286396755,15.658738574783037
9.629040545604411,89.02691508697808
-65.0705628207341,-208.70307886525472
-40.813594112676775,-150.14567575011512
32.764894970545015,67.19464888590052
93.06054472607997,416.7211534803773
-89.91664527955817,-265.10256346420766
78.07686417105322,257.93556939502923
15.376240262241694,109.7968157990905
12.783913351124738,61.2325157002053
0.055707041552068404,5.839499402315095
-86.12118281916332,-259.6635634525915
-82.02462965276787,-304.16111628032377
20.182401131817215,73.45057798585475
-31.808285712888335,-85.25594678513188
83.45361331553613,287.1150869601158
-18.68189252810555,-11.932363334993227
-71.34370825947178,-136.24965372423821
42.943766700407195,132.58827682106806
-41.32931571179803,-207.90886980649532
5.094061471178634,-62.25779322468786
39.56655710103399,150.95954277886986
80.05282224041409,267.0266483351402
58.43823896033521,234.92686141452728
35.27221357454482,150.0826311122119
35.92663647902873,65.58238534589574
89.1849288064173,241.4030593483903
-40.83518050069279,-108.12646973512003
-99.77758116076252,-322.450092326671
-45.60908812036026,-160.9227083395885
-56.4217240746512,-260.3332135178944
32.36691702279964,156.8537727180483
26.742319953105806,177.1930971070675
18.69227654094476,99.32208990425278
-96.75131135810926,-361.0032842816357
45.7556108901295,182.37224639401083
-35.29391750290169,-171.83441530684016
33.01119780132623,188.43722799658144
11.315685700430663,63.69711667798426
-31.453814914418558,-178.49619778812655
-73.08474657917844,-250.83033104930868
-81.11622046790382,-240.74169612595185
66.30366662244472,235.41045212978042
83.67950841631159,299.08349338508185
29.95760935285992,63.631522382646125
-79.31317702790332,-229.26907024357882
-19.59455662235186,-81.00440817918837
45.78784002103146,72.43517122335847
55.96417680201361,197.31175027352793
-76.35627554178228,-198.18947861772037
-99.99385623092351,-349.3249691382297
42.42740917612099,255.3951813725995
-28.680764802758873,-58.93427938223021
-49.10373367634795,-134.92515975319952
-97.42050604209491,-327.3916844432127
8.05988135229994,44.795274344835256
70.23014708519634,252.63433304221198
91.52632925451758,325.2286827866852
13.14899012265785,92.56482353265991
2.8922655479788375,-16.668632071602346
-82.98872290215178,-324.25522159374424
9.774560308519952,-1.9487914639490498
-24.00418420692108,38.26808265963392
21.427056176715382,121.51184170203284
-22.254730424690663,-42.66694640241009
-51.94017530992665,-214.66634709941485
-81.0069449543247,-232.357192306395
-37.01631108222085,-115.38565611043941
-80.67103314244955,-251.6401689419859
-64.62060983520321,-255.00315021638903
97.46723171590918,369.148753876561
-11.179288618676281,-40.31918707569115
6.37435330100331,4.029678702002201
74.72370574744306,318.2382869064131
99.11378009813757,290.01283991698136
16.5428898689363,106.13892775698457
62.49476420883434,272.95598140857
-34.61179513266495,-145.12346674188936
-38.85120851054178,-156.99565284351962
-19.459255801087963,-59.258679367127975
34.50145253472982,154.8568943946654
36.43833785101975,139.89143288785786
-36.95211307010984,-87.65427273579049
-73.35801517267427,-148.60407047748998
26.47925129310171,87.29154106837031
-74.3348275622471,-325.93089500303586
15.698501645866017,116.24093491206371
38.68442561126179,239.56121843579274
40.122299278890324,180.06646562867238
50.69442213191934,143.04304369403428
74.5718843131329,274.8069769342051
-0.008201607042309433,-35.9548798352297
46.049837905914245,213.31720736884722
23.834547073167343,35.85639462116397
-62.672012040463486,-214.3584814830322
-94.86207102611837,-362.2341399061096
-43.091722864613246,-124.47979576939827
-11.393258732476113,-38.19348942055428
23.421188885731254,110.81226626257258
69.99186610064106,266.089059100562
-60.75085665876687,-241.9609496918896
-74.89004202030458,-210.77129389461493
92.6959894948655,341.9976806398735
-78.39108812471858,-303.79525882981
-4.301785978562165,116.99007688532205
17.11274575866038,103.71611849116758
8.27488418148765,41.29906696524151
-82.79356859341135,-199.01726374184855
-88.59461719927613,-197.99037972813608
-78.90331450779286,-263.42907189296926
17.117536774522506,97.28125303256687
8.868977526864214,1.6412804438777044
-53.25184159265115,-173.74108311267958
27.55482836911831,106.48877160392061
64.01350041112988,253.2886031200373
-91.68420803068125,-284.25670417553386
-0.3740112903915218,46.68238292503267
37.86208242053806,164.39942128688116
-49.53761458606258,-213.91878238267725
-38.44581894137018,-161.48372158184986
22.727580597876766,72.22615111938504
79.58705868874739,284.4426758144544
61.98488406057987,289.4858087356352
16.626043819916703,20.04420402706281
46.04434355144983,163.28445002153939
-27.035505958440268,-26.973795943838446
28.19310561975155,103.68199594429981
-6.763681774488603,19.347896281431094
-62.012772708487816,-204.02180662610252
40.347654775451446,174.05595458031618
11.292927469764408,48.1016189536984
-28.275683609281714,-45.611618996068295
82.26783801572614,230.68461268471972
-95.81317643465334,-333.511717940714
-36.8453697501008,-94.13016029063739
-88.62372044447069,-263.4982591553378
53.30546324432544,281.21675249283044
40.42149082275853,141.92398453637603
-33.729556252736586,-24.079358791534403
35.1325804414146,110.0128402119676
-20.81255476081003,13.588378914397083
51.250758284486864,240.25101033062262
-9.163267452658786,-57.74436506591689
-17.544054433666886,-26.05222865524301
86.94598309766019,321.74914906520104
-49.82418002185995,-123.1054003927598
-75.91053200068691,-256.8504414240697
16.908622651891633,63.81786799853415
93.86436245683578,416.9799977370678
-24.432157254562668,-70.44859511375299
-87.59264727424369,-245.25314925026456
-32.138946538086515,-103.7538871355128
1.1863308639116923,107.48532098506709
-67.61539867355725,-250.57062682422506
31.620443611298413,99.96437607718521
99.54987780204013,444.6504313629356
-9.65210480371124,-36.029686357751984
-29.05428865395747,-1.6362949806315044
-19.859166633106668,-4.915054236132697
-76.97076432095977,-257.13016045140085
76.65472028524476,197.62684739749872
-17.034868895729602,-40.58795634864539
-22.545117715031736,-53.82640932593985
31.938054586094864,190.1440777165507
-11.593315813775291,58.845753463792065
29.646693761569196,89.5140692083048
-87.7107419738425,-246.92850870903965
62.74466874444548,277.87644840622664
88.10079057588052,382.0234021361041
29.7530772318772,149.07026591834742
90.91318577176216,241.07126565307902
-69.71353712600734,-231.76850156741367
-4.516762103929267,-53.594046109598196
20.361346789089453,81.1344251159094
16.347329484237335,126.21586500152537
-19.70764418219136,-33.71921284392113
-32.38311812674772,-35.93637012374538
-74.63519548991624,-224.1354881790299
-21.651509887544364,-120.69658158985041
-67.46783697890297,-342.1797797547971
46.873135298443685,191.49641162853243
-58.233812901082004,-194.5146684713453
-88.28693894309323,-337.85157326992044
10.47322756344687,-28.375066010504852
19.04594654388032,49.92365222994566
74.38261225610111,270.6145686531151
15.39632248353638,107.18101987769684
-30.903829255310853,-78.73184831518898
60.6023763052641,312.5116794270608
8.05577863748421,-3.5849775710749796
-84.14394307376165,-230.4508561552941
13.170112062649338,68.46032937570908
81.60370908433248,340.3464380010929
-20.737474900355892,-74.4069053145228
-40.734839620039985,-68.98791997561047
-71.30610859639599,-214.8101421701238
-69.71089561292854,-257.9603838911373
-13.445703131636222,-27.661162406386183
19.135964832305902,74.99808396621569
-83.87691896607964,-249.11029884938907
87.91371780503314,268.7091748488906
51.02672348903917,197.12594710585236
17.324783656732535,100.40210543103042
65.68773418779816,251.55823501694522
-83.96264863757735,-206.52220801207093
-4.632224453375116,42.48835311673972
26.01862537233268,110.69114896612705
65.73058122365785,260.8914891576861
56.693912009853534,233.21196960858734
-44.586150057320076,-115.88654499227906
88.17603391184085,237.3332189082126
-75.13083171382593,-258.0342257868581
75.02672372423044,208.3715796251352
94.1880499209237,413.57222209620727
-64.56929535547488,-209.03500974430847
44.41321284075707,165.7791974586686
-91.9428962444003,-256.9602702537393
-18.91543497216901,-25.0877825300978
3.256659839534805,-25.03341628058854
16.129045181926813,72.9063900103754
87.18744964971191,308.39772511267245
34.450137458838924,53.348836675633535
-3.7444097561526064,-27.619245808394354
61.93500725317787,227.59550928529927
90.10656419088178,329.6254280934941
-95.58677026354184,-388.6652671062618
96.50425445120774,415.3481697316009
-82.77357218726394,-274.81265559999576
62.87735585375228,241.9483993211611
-43.933049489717504,-113.73359129701942
-73.56406844922566,-276.8780522674733
-12.028872057233016,0.7167464563192567
28.791315889522707,102.41587331242033
-23.809630995305,-108.16298551592709
-89.08691834346021,-263.1318395343408
19.89222793174332,164.20649070119202
80.48065522213494,337.9237619517639
-23.356926810549666,-15.600365579902281
-56.733444473834595,-204.59858598653602
-11.484530813436919,-100.07684430545204
-90.32745779024383,-221.63922616086137
64.09751689605497,347.06705360643036
65.26816219003734,325.5789063536148
17.600092685925688,64.81102745175242
-29.379422212322098,-140.55969467956956
59.956672889156664,176.56422022107
10.937404957673436,-25.905711028845403
65.18646171000324,242.7836850645091
26.29175851660412,192.30505271223714
56.88109464255945,212.0006996553459
19.712598643552,104.11024026984575
-17.17178635686676,28.678595966176758
91.58917198522752,320.35733635667634
8.222764975768953,150.55625025117106
21.01790370810768,193.16738335324956
-55.90247211705015,-182.21421934369968
25.13015788545529,79.07883939813289
14.321529896588771,104.98725695757635
-63.03232041059501,-217.98936856302547
-88.08258052937126,-346.1167927061662
20.87186394295422,157.11345647648878
52.73845387006412,265.4069579090784
4.68027418440164,44.15653983358378
-54.64547493607086,-234.40239996265692
33.30439533860698,75.08907112425513
-83.97885467807956,-268.5645269523208
-11.633259039609072,-45.70995836388336
-67.32664832031597,-232.6979157281863
-63.108189788023324,-149.78050650508146
-59.54121016835927,-151.73526971812956
-22.65858859120442,9.602073955665176
-89.76995887592048,-343.72601723458456
-20.441311814180366,-68.70416978396688
2.341489422940171,66.14429775329623
-3.341143006734953,30.709916527072252
-23.443179919391895,14.567889411509455
67.8293216141505,278.4294609447302
-70.93466151589918,-135.8658601003695
1.1393487562747993,50.98861073311883
-87.59171660868914,-233.462635750979
-85.76886422441805,-296.36677212468607
14.773169935419261,72.42045536816686
13.203684977564194,111.76011761344844
75.6067025688914,365.2723675207726
11.574735132014638,96.97342042758888
91.95820408097003,337.69512568666414
-90.26103032001404,-227.04685464363206
-80.39846304385179,-370.99355346747535
-91.18682768592372,-370.26562197607666
-62.94462993329199,-166.22449358310251
8.254022188335625,49.59449547183093
29.114436285485596,152.17620955540784
-90.88296841026624,-294.87001331433476
89.19417796911986,360.7269076221131
68.4330753300762,218.79562260560718
-40.67750356858137,-93.84695818605027
-84.56249395470641,-226.24800243109323
-66.02258535618854,-150.05151855009828
-74.61111724900547,-140.46119563908417
-75.34324414021063,-231.4964323156179
3.712337733146782,46.688736408372684
-50.83051150131994,-234.06541346331215
-28.372056694171107,-105.87276848652013
97.9010666768645,352.99962966869515
36.86284978506896,201.5359518615591
89.79613340940028,303.73641072841957
-71.48868899337688,-190.3934104893775
-23.57210503348614,-62.58345346537049
10.946360656470858,49.45385654190991
-84.6483876222524,-263.8246582212206
-99.16251127440843,-346.6266080730716
34.0868667593835,117.85217125320897
28.363903360287054,34.03436647149897
-17.842238000077643,-54.845543366666234
-2.071184793593474,-11.247554085013487
-16.911399881582085,-64.98894905299127
-95.19899103102223,-292.3528154790758
-32.92567875650751,-62.30827800825079
-64.58354892054203,-194.4326959897807
-80.31516217972626,-211.33230810656818
91.34408677786996,368.4824000140631
19.87194500843313,74.79899803923385
45.73125684732054,156.91658467990288
-36.9272513467765,-93.60426787537541
-21.370574101196965,-26.108653859094343
-52.61520122065531,-94.26098892071866
-80.60686580691505,-202.56537807719792
-64.19367251168325,-231.7515041162498
59.502809059297164,223.15951770117698
35.50916103675516,177.83295387453157
9.385775197095384,106.25010209278244
-4.982025426646388,49.51138444197725
84.48685673122489,312.5101069177198
-85.45301044426631,-341.7866691763579
-43.87983735241681,-183.52624954573838
-30.012429285857195,-71.41182678452947
56.48516244255757,234.80934752016876
98.50292403239428,309.8262654416607
-51.86589704856939,-159.30215912552927
74.86146682741611,313.57635174454555
66.12455208635825,193.87459942689668
-55.06852047164668,-117.48996156054264
-20.133483960155488,-69.34375128853546
-18.065426141496175,19.651664133595936
95.64413370531167,328.08184567979583
-63.821619724220334,-254.7069431789801
59.83159422095642,206.5037302812615
-33.16145716537801,-100.82250623268905
46.174069155232075,162.18524670473823
-15.997799140867428,-46.79236807169167
15.671952623308002,91.55009166538751
66.52235466522623,244.26927283847186
60.83311299677683,229.61027579111857
73.28463670794002,191.03490851766026
-88.0765349310682,-268.68297145821504
38.41011060794898,149.97522224323802
-72.00252465564742,-151.4941872706224
-16.836286396317803,-85.90526074981022
9.71768301093769,-36.402875886693806
-19.452103050633852,-17.17893598071638
3.9223351606014916,51.05452397775524
99.30526175972383,317.1467651324761
-72.95653725742906,-311.8353281512063
35.09120906728512,219.6890682697124
-20.79980672287695,17.90619600026976
-73.39804021853425,-361.26597870017633
-68.2526473251381,-241.79541710080838
89.85462124912337,417.70077711112674
75.9202993423524,261.91791980934005
81.40839208300437,280.39876058918264
98.3065551654773,349.93497669770215
-58.33692199829641,-240.2240756824454
-28.91213252718765,-166.431251056559
33.84380598497333,191.0806864841441
-3.239492027870554,-83.48506740993074
-16.322093324333295,-24.763754029728737
-28.43775013288139,-35.20315082720239
18.756126388690447,13.085127415358642
15.118685728016402,26.701979918303827
-67.70843318715198,-156.32055673545244
-5.652032496312188,26.862472274259336
10.694355241969973,26.565958002950545
14.057387746278096,129.3133072800319
-57.97856141752964,-122.59817878863862
48.454278450457366,203.04260922738615
-94.96018103578608,-357.36864501893444
-29.03362889136747,-102.29013629337591
56.042529707126704,230.46819117271295
12.77858421108047,55.295303281407236
-47.76751349782795,-100.23843833065524
38.99062386860953,79.97847953466655
13.47818883121468,-7.539515544060549
59.24872189127743,236.4140821935926
47.00503723796467,159.94040964253114
22.021584407246934,65.72311469047722
-2.364464937837198,-76.67846324115006
-73.36357486649533,-235.79521979282455
-47.73339642292325,-149.70464288026966
-16.180105416582947,-3.9564198604532805
19.859857401277736,92.95480756052068
2.741571043060958,22.965294738688513
-42.363094808094104,-69.4207999888125
-98.7071284420579,-391.09831471963014
-0.752155619837211,44.186916272948565
-42.87480228755138,-213.61916624619727
46.921660142107015,142.30771649733416
-95.2107469459033,-373.8704709418272
16.96556226115817,118.4765946866495
88.29484750121307,325.76145457447603
-65.11814657770009,-208.58867525159914
-5.670101849880922,-55.18200586105577
-81.71560163657236,-280.9892805246477
25.136382452270524,69.80407341749125
10.106336119245114,74.5449271600687
-18.52689515743353,-94.39868981759804
4.275404294748242,101.45363329187265
79.31493169380204,213.82323844710243
-60.741139537786594,-232.91998000508116
-95.48709765893055,-230.3448163079521
72.33297693982018,251.40848189126896
15.423416477581299,8.238024451313947
78.13169109236847,304.4144969501731
19.38904468263452,64.09204427849372
62.032217991940485,195.3192501908764
-14.065327328970412,-84.02218619133231
49.971986257653754,333.3206321830853
82.6082933779712,296.5514318136923
14.424592744441256,-25.792293411099465
-63.84296988752409,-128.76490665605763
-46.240476993960364,-111.28812422333273
-60.27108462051884,-229.27211772280535
-50.628594480853415,-203.85603511729406
-38.71691012979272,-81.83554564636299
11.026757350637695,46.247734352759196
17.598325892766553,-14.704750297572133
-14.700050551627768,57.911821299536236
23.08415596416708,79.09502276378694
-83.68501487772681,-198.11896524792252
-82.44235258836801,-204.62648616100225
-65.63410792846831,-259.7698549737798
3.6154996080689443,84.3137418463987
-57.20106426033729,-212.7758524043646
-43.343119301484535,-225.03594689539295
-19.937432765401184,-71.01092298001127
62.37322480207595,258.1881618960798
-97.22757281742798,-343.4333372608149
29.87576404732448,109.21275711938061
33.77530620813707,195.39187397491037
59.73115607132732,234.38374526415024
86.55058781206264,280.76214177797164
-95.97243021014204,-280.80198955213075
-69.24325889735677,-212.46762779303643
77.2342588111986,164.23966576609294
-8.29628756259693,12.380639219483179
12.918127786692708,84.80488263922956
32.605440744629476,135.12509908524615
35.81332089912749,189.931652200425
86.34808066330163,288.5986031052306
99.38988348233394,384.6895816292138
44.031492186188046,95.76225409329051
-42.55575815896984,-108.59063438645282
75.95048045886873,383.47966638303535
-90.15581709184768,-345.28817744484394
-53.78382942510076,-206.23350958724143
79.47714349274298,262.6692300800228
-48.76169711212901,-144.1660286023718
-55.869788075650305,-228.69607190746197
-72.37494137195056,-212.24992586727794
71.8223515293833,313.72022762629985
0.011651838217346722,46.75814210644993
34.97864061083095,54.0044708560047
-52.186723184994065,-112.89514788954891
51.608084202243305,247.49666542053558
52.00110899241969,243.51195009078413
-37.480395018339976,-92.53927013139865
-17.863473397943437,-31.51269118254539
-58.06194451395983,-131.59733589253958
95.31220466458086,449.76839070620576
29.120515411682334,74.26978077264567
86.9087761431031,378.08698629059944
-39.322891274173365,-121.94097435997942
56.378182599377936,210.83998649639273
53.17172877694841,129.27451620021753
38.3311303733083,139.9194858308093
93.12779505336007,296.0840347883395
-21.288932778736893,-77.70398620087641
-73.85653528204854,-293.4071926760774
34.34177184881216,117.75078210519223
45.86196009544125,160.21134248287422
15.012114691762932,77.38014734311028
-58.636421373320744,-265.96496792118916
0.8911883338710709,-49.156748218717425
-37.56205268617412,-93.37147086508308
-14.506694366662188,-70.6453361368226
29.043715168932778,175.37949260276127
49.04294853816691,202.91380598433653
-53.55506181973138,-137.10460885873948
-18.93492787060933,24.26236847391209
-46.16768580167416,-157.0724408961882
-60.27367722762618,-219.6822055675054
56.67744399916768,261.95618327702755
81.85053888739847,331.95256430237896
-25.953562863084656,-80.20398551186135
50.255784874753374,265.46814540943393
79.39905787288222,287.28448706309126
69.22484210604631,263.92562924895117
-63.43732229215482,-200.96949548082895
91.25837630267227,292.67462231442937
-24.6647119141075,-62.4472222250567
-32.15186776523274,-22.693528308390015
-87.51373454444393,-264.049655136745
-2.765269179023406,11.87472919336465
-78.19727687181427,-261.7788331096334
-50.292035814514804,-139.47877393048424
-36.611475646543724,-70.65183333844377
61.76526469833681,266.64036798866647
75.09773007917931,266.24881218602866
-39.506736507706066,-102.03449807146549
71.73962424891477,295.0856719286156
71.44618747395822,219.70190678250486
52.9301900769747,213.66719232859617
-70.6609771969637,-335.37861450449105
38.0645693801458,177.35267832156953
89.00481291611376,364.53399793453224
36.508095753431405,185.1556414263329
-33.676630178433214,-117.62054823299462
0.11586348616626196,35.85786395278366
29.14500867021073,193.20522262279587
2.114081745700716,98.08776852451544
-76.00941165380604,-247.49157574964917
-37.587191069595875,-104.58918720710757
60.479206110726494,287.2227786242644
72.28360921910348,197.95253150375345
-72.53999345688595,-250.04376423295207
90.47735047974493,403.44924945594505
-34.23547643027814,-51.06414042173519
32.462747746144004,152.08280599399922
50.36502919133622,120.98598190314573
62.38924692757669,235.86685259446034
89.14994044518602,302.5290217456544
-37.41609039423548,-94.4043712389635
71.70129091031089,230.48718394634406
-73.6626193127586,-289.1053373433855
41.00818127071855,60.28537056333286
48.39554590279718,250.47464490862524
35.54464824026408,124.4177432687714
-49.5370527729694,-145.5223955202662
74.60862940304068,281.01829708693333
-66.22830732592101,-265.1707722887485
-89.27304169583383,-355.40889150782806
43.49299812238243,121.95973712847672
-4.904856953453262,-33.325421278556064
69.81960399173522,282.6989263217635
-23.320571788348204,-101.40788443524929
-66.34428229845744,-124.88045646486998
67.28843849397396,306.8670865235664
9.781926328014336,94.6547196313356
-62.16084152192902,-203.5458904504091
44.07679971728916,249.98283579653622
2.222727697900112,16.87926538659419
20.862596448063968,91.45601686051158
-7.820332358683629,1.1275637320707688
65.74179676360129,285.1874406997717
65.91254313660997,282.53930492828414
41.87776436487724,142.81591135484018
-78.91972452070755,-282.8687217937741
67.77077238081378,289.1928511904524
34.20259610658195,175.47091556759847
39.40483320085991,138.24935996186605
-27.403431919225667,-155.2714152012125
75.85591123140134,275.12988450949246
45.07432004697151,208.93641010569323
-77.48190669416111,-160.91583110857485
-18.444393118767465,-104.45327403271924
77.27607239202834,269.1376907305705
-90.56065966052421,-316.4324868881036
92.28332392840991,410.7819007210098
35.83251366391255,143.6667228007623
26.275195528675326,66.59685638175036
-45.88814870240172,-112.67375631231506
-50.24164225216459,-176.07767388462338
88.4116438977191,268.2213899741191
-40.34550915317545,-165.84794739992162
55.101059343799875,299.5558054244305
-21.375640358584164,-35.60428017257145
-72.1491858430592,-227.13414767808007
-97.85694046092821,-334.9939784038511
8.851467403050165,65.58757801661552
95.15576370978653,367.0569702843776
-26.172761238159097,-56.99622292319054
-28.56153320139103,-74.22311169098096
-31.18167643011158,-45.69595059011307
4.108767460971691,35.535903413437474
-11.867023315141296,-70.43152338062647
75.98292534540289,255.31909416386668
1.1041583446980638,-75.08638046804239
1.5515676377137595,126.77134253411778
-72.32568105588868,-190.00215409797602
96.54790818207718,316.41415388080827
-50.00542182623406,-169.11121886167422
-85.32718650807946,-310.4889764885998
32.62924979504177,211.32973485135204
19.073274031374538,15.762600896264445
-16.970869201450853,-33.67423926413902
-15.561553223864394,-39.89182841176777
57.012784209286224,260.8866762679575
-60.85747198007019,-198.2016133164804
64.05066378897794,156.26687942865104
29.749422779003623,111.56708799439063
-16.206045244095122,-85.32926925149917
-8.39427668322628,-5.40099106346395
-48.67055856278084,-78.6381031437166
50.42286653939496,109.50877067626847
2.574948461053552,-10.998817156307759
-35.829091450031285,-133.03646776428434
19.210023152190047,68.15352626200459
99.1468904102646,404.0203996411883
-12.947544068689226,-33.99362511848167
84.13828015572392,335.27411683105595
-30.996632015086774,-119.77686423939252
-89.05345861500282,-280.19088788161304
-59.15157872631423,-148.14064399821405
-16.260971334463164,-73.52837715747549
-56.073014281086195,-137.18764399347594
-99.9545923563489,-327.2224348108427
83.00030754950544,362.77408844738164
68.7758822461858,250.64459285780163
48.45844629738943,208.66679479896794
-66.43708087079428,-214.56009463170648
-75.92728475800278,-250.5561097550387
-86.47905010552337,-269.7301539580473
44.805837754584246,203.66080560229005
85.76159213757705,257.6873268853194
-13.892835817392609,43.056755080019755
-76.17186560079037,-339.5846816302562
2.47856414642132,-5.565630974470174
-30.233618508273977,-90.53111831720395
-25.03501513000046,-47.0047545007042
24.266124831141454,183.74006329606402
43.74362265244048,80.1881048722863
-77.87928022536784,-277.96218720827295
-92.88195383870472,-411.4285128254298
98.86606053714297,367.61231057551277
-53.45433021688963,-153.5059765341122
-89.23389501830819,-212.77884545551603
-62.024934180816004,-191.05553158818333
-92.20843073030716,-250.5282510839561
-21.63782107656567,-26.5405196910269
60.48035689026486,209.9188392656686
-31.75111004845587,-161.57692250919752
-11.163318624326692,-5.3215002705528835
35.11735471348777,68.305640639939
1.7788140139760316,90.9862026823983
72.28913720426485,264.90887511308574
73.2071350091513,335.98384310760036
-98.01786090176927,-347.0732348628124
55.60926129663983,228.074953858289
-7.853279951665229,2.9809630359061376
97.76810826073262,359.936173012018
-3.3535848249129714,-13.370522557025005
97.3791890776595,380.4499626953343
50.91387224114732,151.8903896698552
-50.279023077338735,-216.44834721863853
7.678995857391541,109.01783016721177
98.42712789571655,400.85334707961294
71.50612155038473,273.56600585645856
-80.52662124175578,-178.58605521895618
41.2743993619992,151.07212183075495
-30.884082825837396,-21.959128890981916
-98.60354762393038,-316.33371243746524
-19.303806194600085,-98.8008591849198
-53.04911565500574,-73.26989520397763
63.77385410409431,292.7440316955343
-32.53387823084691,-99.9196253584424
65.50473879076341,285.62514874436937
-99.88041223304094,-349.76661451553866
-38.43616999477617,-73.0691432287395
-51.76695713844761,-280.73827824876463
-53.2865277862778,-217.492913936702
-86.36267604690747,-233.30637894982797
-62.575145917899654,-211.49578762359477
11.10991397712398,69.26181366437103
-41.7277854324511,-193.38653211935056
-16.521043534170417,54.569697415508685
-24.626623930562303,-6.666701571084232
75.1809849999789,273.09918658115964
81.0597998021031,283.4745064641946
-1.4086056688279882,66.55009823008669
-33.968809936879126,0.23268772936944515
-78.63985919952728,-207.55149440777777
90.680575876419,445.9721489372966
-87.95461101994051,-333.95870502288767
-40.46994448634391,-162.61414722714323
-40.38675976599917,-180.80071508366456
-35.91974277195702,-83.6310672193756
-67.14263134551814,-206.219032219095
56.63228618473943,210.6154454729887
-75.50042760680216,-203.78856521764263
26.981331830632556,176.05109166794716
-75.23079465883652,-319.5909017702699
-85.89287248140869,-310.4736550799862
81.88590073717529,347.60783228626656
-61.97424673625886,-220.2967977698351
64.25003091194085,204.9648043738853
8.92617422142716,102.1684811575148
-84.42869607824608,-339.9754397600603
91.0896382876135,323.73474361709197
-50.60776660162149,-140.6949818154348
71.92906907052131,243.06074605131863
-66.23799884308715,-172.6752131501463
70.78857642837056,239.31616873942852
-97.35423741894121,-250.30885629399825
2.3560913138961297,21.959004723847823
53.888515884311374,242.1733124303575
86.95910349855666,361.6580598940891
81.84042724129742,275.0644952073373
63.92497390952897,141.063081250557
77.63826993226081,309.7717324961046
-60.1560628325847,-186.93180255780297
-43.16314085765425,-103.2796916230335
-42.2062950157883,-139.04840617440092
-24.589213799660243,-87.58363323884666
-21.335865922962256,45.748119818717086
8.911064930935098,-22.428975817266043
-68.02404732671172,-181.3866417252791
38.24933275719786,125.14257174102296
-66.4866921390987,-229.49235337386654
-37.938303579090494,-128.63920415551502
0.6690261212308144,-17.830122284255005
59.28811230469546,256.0696035782461
47.89384664774545,257.1606430646069
29.106871282104464,145.3747325496987
-68.84534788396597,-215.78961778327613
9.409069123115543,3.609716975942071
-82.5106996400229,-242.94618544885762
-24.527364640669845,41.97170534412048
-17.29669394200816,-59.57315998678319
-92.03771211084924,-320.93117135556565
-45.202380106005634,-166.26278692006957
91.12989345329788,314.4839153618216
90.7265215659379,200.27784779716342
-29.534589149492135,-63.119292730436825
-91.3799782103352,-342.1075325539039
-64.1810121343637,-285.14669840986295
-21.55644131329197,-17.78804710989445
89.55593959384595,279.344899326364
-71.76018729256302,-248.09410821815842
52.70316873364246,277.7832101271776
-78.26349212506159,-324.3830123389412
96.25151547825536,280.2503924440057
-23.676700178173007,-49.40314114548862
55.04690777981119,270.1385454298576
-31.48178343777363,-168.90332791880584
25.53377543176174,129.75270085302495
-61.59678305199265,-166.53876368388967
-70.7957961406075,-330.7433106767422
87.61282791362626,366.56996459305293
83.52945558088669,356.1833885252124
77.49378804257648,275.63897948621644
25.08669003331869,170.42073323151584
61.65364224325566,292.61052656763707
-86.19261261772502,-276.5182478761773
-33.04219162186416,-118.21994019277125
-37.25937504856876,-159.04920729913852
27.129064390522643,113.07354989851969
-28.8084453058719,-52.3416125853427
-70.29864367126385,-242.2540959014555
19.293415082708748,-22.348097473620868
62.8767841338163,303.5044391971856
-23.575301108005362,-53.00239278577408
-73.54625698030367,-256.3931242649045
-60.66236053743539,-149.46034245985945
-52.5033389661232,-87.52975655729341
-40.02048140109275,-260.1672633782192
28.559014101261823,141.66973185051995
20.1890969075438,19.329378635885945
39.21597231340783,182.21142843687446
-27.499603093697374,-69.85225070921184
64.79953037599566,278.5846826380123
-59.18246776884794,-212.10101791570057
-6.191850496369213,-95.33348232824983
60.18774430828606,208.13869551616781
-63.96827045347615,-183.54656483017737
-78.0273772518434,-202.32620394769074
76.73679353759795,229.98721235796657
-31.41406744816082,-38.596214724911995
36.774024981806406,116.31547295399636
-94.9302791472123,-294.1334829355167
38.00937768188993,127.53812424333312
-36.7797376906059,-99.62055053151556
-88.85182928251166,-246.38752076027708
21.962552309623405,35.51822921925513
-51.83923678536535,-195.43262358612031
-22.638551589624,-49.98680119657967
-83.88383754269728,-153.51424834792286
-70.56734978101093,-270.14520984187965
-40.40455290083125,-19.40924085306341
-82.04809988796858,-166.94718442413148
82.16525293726303,302.71282774534103
-98.79059136320431,-340.67469608121013
-3.2279562271377245,-25.901106728216625
-75.3505083734897,-247.13690582384743
-38.46418210441029,-184.96060899341393
85.21191196365311,314.429741006756
-67.66108934520263,-141.96979901566635
93.16646394366651,315.5283706789969
-58.841124602115656,-197.98015130685732
48.313221693365904,104.03925221341858
9.335452979462346,71.37718983467039
76.89574551935183,302.3591935653001
10.798651100626188,60.9803968404802
6.911843831261734,33.3501008983089
-60.90839992632002,-207.8172956807428
-66.75412758966826,-188.5444348788053
83.29783022310284,310.1015757014287
-34.43236022999318,-84.76466722720951
-25.583549007420814,-58.79328065324546
51.96473168567769,258.04792525466
-32.23530351543853,-58.97385743528214
90.41248932780056,346.0868048048115
47.58555379976005,262.47053983176914
19.485848514683994,109.21389625422205
76.17903210895051,351.8747468208477
-90.07881833010345,-264.92873373603015
-48.58746156215825,-242.15206941413103
-6.992733155818016,60.767172120603426
-54.6042921056958,-164.35621030280186
48.78103746043038,188.13589256646742
83.84160621074503,327.51303911208646
-15.245976013815323,-50.610074146207
-31.573479977621005,-79.15573690222627
92.31014642751325,313.49170917914176
-11.029513434491832,45.110315915997084
-2.1903199101433586,6.65447463344573
-29.670025531618933,-102.97428149678794
81.90969460242766,260.4376403225331
13.791096656370144,81.70762775472758
52.43491743632893,212.87756603340586
62.36134367017726,257.68593352949574
-31.63019161654836,-142.0682650331757
-13.261133735923991,-106.47302801631261
69.69435488125293,295.2098072097133
-27.348929664837954,-1.489160733107454
58.787026690370254,174.4369122968011
88.19846451488743,408.16668998019094
24.642074613601395,120.44281408442393
48.32545749037777,188.78595598878073
61.019462408226985,213.69068360150553
69.00792977932849,192.3018532563999
-20.989332428640807,-4.07623770401284
-89.74730816480036,-332.8958966486814
-19.62474575265209,-87.67694392116233
34.75124595681797,191.22567634321064
-9.929922843841439,-108.90390228703137
49.7926301720797,118.09431506887059
-28.603514106267227,-81.01901154733939
26.948828220805908,128.98512022306326
-62.716039029205085,-175.26940420377161
49.87388732899137,179.46868098165717
9.139193762605174,178.50566160120258
-59.18712229067988,-198.54955595567128
-41.61776530043855,-137.20148615667102
49.721741716366466,154.17676256658876
-3.479752867695865,14.016205789118027
-56.79371192138556,-148.0299301225107
93.45423807405953,407.2687359858814
43.02500396337757,96.1233006498106
91.42696650795924,327.69461586007225
-14.578990927931358,-8.691287707302543
-4.979931861655899,31.923115213931133
79.59104323700384,298.89608421974043
5.009868049076928,64.65573664837434
41.455782381133446,124.64704368767705
-49.565424500894004,-75.58371413721119
-10.654706259471894,32.339933240819846
-75.31002683792897,-310.83148328601004
-58.80399282460766,-239.56912729196458
-99.81131694647378,-381.6856968180035
-92.14698967026796,-268.6159653011114
95.45676463538587,289.8622879029772
-51.52926097264754,-176.90363011467042
32.66214190080038,157.05271647364003
67.8199397599223,254.0614924324063
10.13209184731285,68.40669725123027
-69.37109998320877,-276.0889855086686
45.62328746723327,209.42422480517868
20.050282019916608,59.515392445908304
46.25011786947502,165.64442882326549
53.949324571417435,220.70922239526033
95.08207353694903,357.941168455864
14.712656005341998,72.69329696947663
-31.67177746187963,-128.3825622154165
29.692911380047406,108.9477192702063
-86.31185815147478,-281.98232398830993
79.47946366431725,229.42386116675615
-76.12379773236064,-269.5599403789312
-34.43143242283635,-81.12601952828491
63.149076125224184,177.14993624601752
19.462475666142367,145.94774741121026
-21.27289594451159,9.025527324201583
-5.312868124995717,-60.85256723548929
70.90947864043608,336.0641568940332
-31.999122788021566,-99.1760091936822
73.92993696243425,299.68050732637266
-82.3731138046617,-293.1384509227283
55.35968744172615,259.91114740737964
69.50952661094726,283.5880440807488
-63.63646943253225,-243.43530584374307
-13.930693525559917,-87.01752733772413
-66.90004506726888,-287.1652794959022
41.32082579884354,174.01997911759022
7.069553612331347,73.3670082321465
27.0646693416642,147.27462663479676
-60.70260660875777,-198.3581778610211
-57.6508275895161,-239.62771934652454
-91.70053489801873,-335.0556120442547
-35.58649296085406,-46.93529341489292
11.948932266734985,37.589834703568386
71.58698279946577,277.72532133220403
33.38548949173614,83.06668904233209
-12.920735320049715,-8.393421347222255
90.62402287882756,314.2998519919426
43.84904011516636,225.80727609187045
86.03304057251,359.7935273141257
5.51759465443314,14.526283961771004
-48.21914504137208,-155.10020901218545
-89.43466272705561,-320.57713154672604
45.216970296770086,107.2877362114448
-75.73940039889317,-287.96002287348693
-39.44497434560657,-108.14654382358198
6.494181576779482,58.99261043020728
12.883317555949532,72.5190066254553
20.116639397427207,75.32158519306344
-66.74893393005988,-166.9679384691603
-24.052519035670244,-61.006721396798994
23.438845423393346,137.19865038667407
93.96377292675695,260.18444863352335
45.526227539937736,-16.778216191135044
84.52075141879158,330.0120313576745
52.44241166283541,132.31015813384948
18.343393778480092,73.57929308902752
-61.59532617273109,-210.6884936557891
33.33713037850262,216.04998644553604
24.675913191981408,126.36552381911525
20.493834091453294,100.02137066002017
-2.0428264023518494,54.69966532345221
5.731320797855119,58.48450213444485
-33.11149457637919,-118.7740806667488
3.8625385284606324,87.0926813623402
-60.48881886430435,-247.19837241947894
61.034879472075346,249.78443752894185
-62.844609060258435,-277.3346214177201
-83.00674202210672,-260.3264042015738
-12.750794728568522,-14.978299461343353
31.661487901212382,214.63795574997647
-12.45663501329173,-101.84691721861003
-44.64917360973828,-166.31646642677458
11.634236778088152,101.85395005201572
-30.599532917560012,-70.33250239159466
86.57353802532663,332.0226356555184
84.52902792071441,268.0448125745735
0.47436399441909316,-7.880643424104633
-34.4232011963483,-38.22915377605622
47.42648279132783,183.417230081951
-92.65741130338667,-285.53295475462966
-5.046198791269745,-3.421112208268058
-32.7353211459333,-153.7278997732548
84.10717702051093,361.0656408755381
-97.5993945454635,-296.43626168249745
10.562975143669817,172.25225487120383
48.13271621332521,137.68543776411096
-2.996402495191745,50.64123732685292
-82.91939396745568,-335.7950771879449
94.49227800558043,358.59030140318544
3.602086275219591,81.4326314164268
22.837248863802273,-3.67638478151639
-52.678043458498536,-174.61977581682527
-3.3003829786392345,-19.711827127368338
-14.170101608335628,-64.69322054393079
-85.02083159960326,-258.3122779856437
-78.76792929050656,-199.65346719564317
67.4945039237549,249.5668279716844
-52.036009558681954,-151.85171207738583
-61.00834570027389,-187.81377229799625
0.9822902500278445,23.528191192918165
53.749426272502575,153.65586006815371
-87.61069628420242,-231.21520690856383
15.361583927651168,88.5253121547209
-76.15791143188532,-226.80861551146978
-92.70778983487631,-344.8027458733462
-89.45120956755652,-316.04025338590986
66.83282164168827,245.10816586037004
-76.40550327438768,-324.12549613279947
-90.96972711754161,-382.79576117127954
-12.420022571417547,-53.50747553188981
68.79869438840495,286.9214686815368
-47.518324702139616,-178.9710059539857
-15.65747649481672,-85.74142761139419
-92.01549348724976,-342.7885098672577
-10.18429717302483,-38.412161262852536
15.52261612742673,56.63620830498837
14.181410750428952,177.91101023682916
-33.51466156512697,-44.57028405357848
-36.8933638673729,-57.88806792171874
-78.67527621268042,-196.93444853071242
-26.640335870746327,-123.18221901431463
-80.10106622540707,-321.4719625382867
53.319188942410335,151.27364672173334
93.25485954963716,413.117315090622
94.01489133334138,321.69253022257027
73.01421987507877,212.98196045081133
20.158429867923815,69.0046945267427
40.173139448776,148.67571148498462
-42.95883946391719,-116.93527443898205
26.154084034524132,124.08684515643661
-8.870090112024513,-52.4543435857612
-3.5965320446134967,41.69495746953831
51.555312075031594,168.48391557510269
-43.61632888054967,-140.470967917176
-36.392077661096025,-73.03356828866833
84.92835822572732,285.15818359282855
-88.75514102980554,-319.1105647833763
-2.8731403173319165,39.527411373994845
82.56016008157235,266.07390145525227
22.072601563631395,78.01450429250634
9.281414842426415,80.27206085063708
-50.051164154128955,-52.47445246765258
-31.34490218711035,-59.4369324167489
70.40968316093858,290.0658792127856
11.843626353691633,87.9927714215572
2.9484387513559795,-23.339978073606538
-80.08405729199421,-254.51436358798435
-96.79436870897537,-320.26861489823386
92.73703773740982,360.6588590995722
-24.60276654263167,-60.284280275417295
20.642612419900857,111.23412734050862
-84.056985362543,-289.77280851386064
36.6228571446093,151.1104458747222
86.51334174119219,261.40526779132307
15.133050599483937,56.97031319804809
-74.77693552491789,-172.1775969283804
16.344305494695348,93.14548621284652
53.26944262093048,205.39699730410283
-18.716692685196264,49.29773941453041
75.96754958829356,217.84467464397352
29.736590671472896,68.60528957784415
79.8497836578405,385.1098133662554
24.70106224946744,108.75176467558273
-73.74240559903515,-250.22757141111273
-38.06165777896218,-173.17601848114978
-59.64101034950862,-166.35872290352955
81.76529954337246,333.4015418781767
52.080013457496534,147.55532905949306
35.2796737820012,136.46507895948278
-39.806736073675665,-136.09936785951814
-63.1910455899573,-188.36980224391198
51.29021759778237,143.5532494812061
-5.168410824184065,64.50793484101364
-54.842089569874176,-126.1561244146794
23.32439563305502,83.47660677905176
-91.9332295723096,-312.5872390850021
-34.7659491743493,-108.50192962410335
-6.288601081773066,-40.9255314365309
-70.40833317811882,-248.60063703516767
96.93089551816792,345.7446159298572
-58.18052708207715,-102.98842625191361
-73.92937399134689,-191.4218935531923
-59.29302522262072,-140.79285291234135
53.81222663194484,226.83907386202645
-14.89886814563144,-88.01238895627176
13.083187950507607,63.71660259790767
-95.79816860272786,-266.7691671288785
-93.11373828533709,-368.8113154670442
-10.834890034596768,13.905545222574528
63.331048640324695,357.78913150427474
77.04777574151305,342.75804739478224
-82.65868648087195,-198.60394590495247
7.672620420204552,57.77110899282397
82.64593725585411,357.6573778337389
-22.40544912042273,-94.31173263918133
65.91316628567373,290.4892726169194
-73.26086912011276,-203.69363521735653
87.07889793355974,339.27170146934225
50.28466350626053,261.79669325783675
88.26687855738032,301.9948330584617
35.32344671050129,134.27918766307138
-27.319213600114594,-70.84414553248624
87.6362345049445,275.2462722128357
-44.88664473816431,-125.75665939356269
-33.56549558765349,-183.42575520447957
40.161683600348056,212.91361932262865
53.063259905077246,208.05327799606866
85.88069676983076,294.53779349921945
-59.0395181887581,-228.35699427540942
59.5996070438448,216.86967317249741
47.7092106793927,221.39522291649513
-87.24108874928042,-257.9568616856035
-22.55537175795861,-94.22069851677819
-43.44690858798028,-174.3661636893127
-39.10191512919392,-84.01176763619635
96.58937591094016,321.9454454575391
28.555482695985575,122.9396781399247
43.535231558699905,178.56104258166351
95.32352746300182,369.2354527068433
-24.559643508472263,-23.04523077055932
60.36803369056119,168.13997107359802
-13.09380733910092,-121.3862919498776
73.90673436299596,250.30120620906828
-63.86849173773936,-113.46330069047846
89.53723541285592,434.48902894936464
-56.245658317824066,-85.30094733408987
-34.75589860381369,-111.29471350138239
51.23844682135609,110.22880977550489
-21.248971686918665,-171.52335598680736
21.642275353289335,65.04605565904211
-11.085299786114305,-28.702230758868076
48.47398741795638,254.69022601564527
-54.33374952627783,-126.77785036485011
-88.3084025526246,-277.7091549846051
-40.01412050538675,-164.5416603159107
-5.13826702631394,-46.0229125043433
-66.39598956146429,-199.67957911155327
-29.04054206872226,-46.78934829854158
-20.00339634128629,-30.41782408222278
-88.5216312623453,-341.55560739854127
16.661449636840914,110.8484551685475
76.8686855942575,310.33594793497184
-69.65141740938952,-277.3132812423722
19.561602680302798,49.249560866047005
32.947840982169254,169.7422421656707
-16.133063916142333,-48.191100463792715
40.219517472853994,240.2256762368118
-17.853691301797596,-17.431455753062767
0.9274575954869846,-1.085457825259013
-98.5293910891146,-325.36314883144775
38.34402282693776,157.37324952616808
32.26853578894489,96.52035959922162
-92.31982453473108,-348.7487957804401
-26.34997852097338,-37.15543013293187
95.80636815833347,397.5859534062719
-15.852687486276636,-5.295332724320296
0.38908102636834485,97.12768830847929
81.98603163194372,279.86244891122294
43.45237517315127,255.79685140958594
16.41402622484472,32.403035859248874
59.560936268214505,177.8289987703261
72.87325329119466,187.05844241171877
-8.622385652546626,-32.46811547525404
-4.978327013632921,-22.610261389187905
-22.78981286963284,-33.46748103098241
93.34122800369212,358.888845093945
39.43325085807007,98.36770945228838
-83.35538675838555,-291.3801655756403
72.5919246626037,255.4986352647287
-3.888011832746386,-82.407153762707
-86.24921871550251,-330.91960185492724
9.94345103266221,16.261397083613268
-16.567144204859588,33.696246274038764
75.54988097252499,293.99711920170506
-59.20107927812253,-154.0953397760539
65.29292189843659,173.59345178706747
11.53773823709055,120.09280798051651
-89.07793935730619,-226.71768459936706
94.36906026509692,250.37446257060793
2.5230488206399855,-6.435165323552461
-41.8246291536835,-101.59792338711674
-6.118631602148383,30.80421206938977
71.5715567034978,236.57571193788124
-39.0193751229873,-131.84278608313818
-61.46472070265994,-224.99557551156693
-74.1857506138237,-234.12922480107693
-40.42812032195775,-61.639494553756485
56.009617408008694,177.4815530709702
-5.674726960947666,50.17948052510388
-54.50367926129201,-209.8464810318664
-66.76300007805017,-256.0518608980198
-33.45410469792418,-56.15963552557397
87.98487457714177,374.043879920377
-31.394657481995125,-47.310804348850226
97.62481519092708,295.89698275733775
-2.953908846928769,-13.636229867853231
-64.16721634196983,-163.43582759672836
78.22801835870189,295.87515628365134
-7.928925373034616,-61.43588111549437
41.93426870090488,189.68583740943916
96.74231664183034,322.85774529683266
-89.9649299360052,-205.15101235640762
-80.66108804248657,-185.07173502779008
44.09134829255123,204.52459034170766
-43.6349993409056,-64.67216245468092
-63.13972060998019,-197.74945462876158
-92.1276240360541,-264.17480940743854
-95.63065760275964,-240.821286844555
54.89712062395819,224.41485627356928
-73.11331452609,-248.65595941702915
-6.455876805769819,-87.82666672905015
21.1793630358966,89.97109433956341
-14.329639886230751,11.017419626307941
-94.57866953275338,-263.7436719862554
56.70030051758178,243.66930509745671
-97.8973550916693,-349.7056975689545
52.37797887549681,104.4818476168593
78.66089875762455,270.5523907514492
-13.432015788565536,-42.229298812676944
7.10849461955965,29.23328280895807
-4.603321476469247,34.81619268125385
-22.158276275312232,41.729853587149165
77.48490707407205,297.37363485130686
78.78670213399809,284.9168680111702
-32.83672707169309,-107.88963540113045
23.013950802939604,106.76806615567432
85.38151242917283,277.4206054846849
92.41169978827031,349.4508771962488
1.7918080844095101,48.811945112023274
-9.435038943134643,-2.5383331222468435
-44.261136814294844,-112.03688214979289
91.77437463808201,362.8976917007138
-71.43713910542652,-318.624820981315
15.965915209545003,107.72421115317766
-43.489946496272225,-165.76555502007545
-44.19834193044068,-189.48615490674027
-19.006282524762312,-101.7445802294179
99.7585871631309,390.8321355945846
-89.00673863203559,-302.6523315733672
15.708363640706295,-9.119166456798496
-83.48556839294457,-248.29759861569187
-69.09583400189621,-293.8158255465781
-12.08741164542026,-15.314872833060369
2.0920262692882545,39.2470382261616
-48.2415183270952,-104.56646006008094
-36.708573825116765,-19.395769064566096
-82.60659594881339,-337.35690211587394
-39.3560432311499,-120.3698441121771
93.3116878761088,332.7741428141699
88.94147633449634,352.9826514687853
-33.024341972603,-84.80175835742956
14.170787255752316,51.97044325830211
81.91907822218886,284.6716643471182
-98.76323547182066,-381.49386691057475
62.13671406751837,286.87157835663976
89.67391055778378,356.8188960322197
-81.7348531332886,-220.18357607675318
-67.71046279341579,-232.50642660073095
92.14926055427108,309.68063850522725
7.508028728069263,-7.637652783218968
-97.16067310565526,-302.11647668276044
-48.47360024729417,-201.64726209194134
-10.011265146228084,77.39372543652922
38.58178220495353,89.65410866266532
46.63207562735991,196.89527065638478
99.08430258509122,445.13779440850857
-42.4977601232482,-98.78767246817824
7.644020373695042,55.53775693252162
6.6647095719210085,-5.097698846371252
-18.870948110552504,-115.13677781531896
-66.16762123151597,-173.0841688644266
95.4913126367685,429.5269562674371
70.6634373333172,245.37953114270164
-0.3333943411525553,-38.119955574851495
20.649084536805958,-30.636675648630074
-54.54778928806754,-219.95550469136327
8.757414078349385,44.968107149270836
38.994026624295174,236.4352552268698
3.0334056773177593,64.27360448226058
98.05703411698826,378.45388964479656
22.26833124954524,77.93317630835179
-25.805257481566187,-99.47668704827947
54.43040552316762,280.78879920648484
-65.9074976836716,-200.63931485493111
-23.09683725874669,-165.96896500166451
-30.608209924482836,-120.80571713055207
-13.638580978444551,-70.64583501313726
56.35596518574525,189.9326776912351
-3.165393567318503,37.0666555286395
58.802890053192556,220.4378710964615
15.297780627973182,69.69896184772304
-31.586113068488928,-24.877737673449403
61.99574873669448,202.16206608909624
-52.342065889381686,-69.98725431846843
-55.1234040400409,-206.49729370869747
0.9005848109671604,27.61195666901363
-47.830150807582214,-161.4657075966761
-98.18259300975673,-317.4681188591005
29.65950545976031,146.03786886281753
2.218764294479598,49.457437035122425
-10.896437101367766,-55.79339638581618
93.39370292366306,290.73222636044216
14.239836792582736,194.99801831932513
72.6863155578769,250.20288747254148
-72.10995275896796,-197.42421272278855
13.841292625885544,-11.93754133556044
73.5959253461806,263.6051027163982
16.6211514559796,71.81406089680645
43.6028356254003,196.25067818529268
-25.591286437558523,-205.69220958105177
-81.51009659258668,-256.97830742013684
-8.419940974585714,-66.95686617944463
-21.1041218322285,-37.64714085305357
73.41203647578948,225.12566782335503
-51.200939529505554,-201.9774231495485
93.34684550702161,333.0325787549122
91.62762396089923,288.08021038298756
-50.47367138571226,-180.43457218676065
-30.389608904535905,-146.03241959304142
79.11114817477701,205.2304960267832
93.3244441792215,397.53340724874323
-11.312179432791197,-84.3950626559656
-35.80059087182043,-114.23611243177069
5.218802650308405,75.91036335076866
37.55384127314696,120.69123933021218
-45.30509692500404,-179.82613422479102
47.294634923814556,196.84312666672201
-89.6685285770718,-237.94315888339366
-90.14110144711671,-353.95961831923194
-22.74245897089095,-67.10599799899028
-29.305361587855884,-169.19349530586197
-36.87335692656954,-128.7167994271029
-1.796047466217999,15.424068095140775
-35.853283537685755,-148.21772446965343
-61.54841630638161,-218.2690487635972
-38.106090182279814,-183.78265405335185
94.980854562047,356.2869215362392
-17.77731660103028,10.564104340551516
-11.057444628332846,-73.55824968768815
15.308997990228008,42.447904638178876
96.66815368284531,383.4658502126677
-51.679744712847395,-100.27457052882906
36.25642210648675,72.23798676225707
43.19693870834482,162.7500486084094
21.46488335861318,109.28363287112238
-82.28433207267119,-273.09798178579155
35.374455165515286,19.970989735449137
-87.1810577927649,-260.07920180923855
19.228529909979386,163.26667223946006
47.91623544434853,193.539911613695
-57.806021876009915,-233.87637923074786
68.32440150855481,233.47904296172769
-93.92923889339914,-220.25668274411737
68.76257273166121,306.16713160384217
-7.934189871446989,24.231666369152002
-56.4824120136711,-159.86781287113007
-73.2443710012064,-269.412154113771
90.66143351647452,327.28645827487236
-85.46688248376866,-283.03022547711606
-60.18131601281487,-163.15589024162983
-30.435530513390802,-11.078412083522636
24.04696979222409,160.0813011124407
8.960217055219672,-19.608458096533177
-74.8713015175372,-230.8498068663278
-42.054403252357076,-90.35224412485492
-52.249645782795184,-131.93074373255138
-57.291429101931726,-211.98169002613201
-17.771132704002596,103.506496324409
40.806290518331366,98.96778869760384
-56.509413556552815,-231.94236978123735
-26.664224059403722,-61.64503014483421
-21.816514631767546,49.48235153700627
95.29130588708205,311.70982806957863
90.93327137581377,324.97503153299857
60.027516550415186,283.9609915772378
-51.668215836162965,-161.73186317095704
-86.39253718166606,-299.10407286234596
-36.619172455875045,-79.88545850122665
-46.64109011323383,-129.61791588483877
1.1851600292787765,75.66999938431528
55.5455820135586,278.98298150072327
71.6645877757716,286.1762102154687
68.9728170821017,275.9914960562714
-28.06488775538645,-67.5215580295459
37.446868692136576,175.5205682549424
-37.433160495155995,-108.25752983947278
-87.81889135296346,-287.3965438514866
40.31305312058845,220.9270419634217
-98.03448948604243,-247.31490418339638
-18.16348250830228,-118.94983601072902
-34.12414613958485,-98.93345390151852
38.67550770377048,120.92955529093496
53.249094552075775,190.82325760796158
-39.181072805743234,-97.00794433333526
62.3254028889707,271.6108286885209
-41.216647899013246,-129.8645898271136
-10.73472800268776,-113.23856474554731
45.4037054028268,130.66068988108483
38.58404584495773,199.86914396736034
97.47369446244,224.1366095167934
-54.96779515681362,-113.01592546474768
32.46358270791646,159.68403900993468
21.936381655155486,162.58613986954532
83.01969089800599,300.64045879897293
-68.72757167102499,-323.61677204973273
50.3596327173866,217.776846586178
13.653723253753668,131.5206875900549
-45.06682604241892,-91.49780087279515
-5.113017170565186,-31.03013427137992
-33.244680586040445,-92.01832827800924
15.862680557692173,48.877568512926416
77.80012216293318,251.33710436079755
13.860996882440404,116.28291764753396
26.344483665316815,52.32907726535074
3.7495694229418888,-11.567328548784019
-89.76689871090483,-349.3854271617862
-53.42828862478115,-241.51138635168638
-1.5996541135834548,21.72192519458808
-37.95294325105905,-54.76014895460788
-63.647280447761155,-212.00931937942732
0.8265683836876576,-52.39440068530152
-35.43804131042994,-62.03591759940341
-48.378471365317054,-65.0395620768611
-7.202916511923846,-37.52232399906319
-73.34314838356536,-260.6287326783647
85.54914661508147,345.2050446569549
73.54041958384781,358.4851559327199
41.52411714810705,139.34270273211337
-78.75723448230876,-322.27280973799094
55.1754508939386,244.68500844240543
61.59146562180379,275.52353333342825
53.552923542867546,207.74180492179775
-77.20682257615177,-278.1305419994037
28.781591413552945,170.45450649703764
66.86495914987972,280.42915725197724
15.470680243933543,35.72560500859276
29.28147504561781,124.93989922494592
-8.327304114738766,-76.73094100281801
5.741463976810522,74.38964674073284
-93.12462832965495,-319.0478776229352
27.79260439465692,95.48857376206237
-83.71055742176816,-274.6306752338103
-12.997081131955326,-23.47439899533125
-41.46898046651843,-80.39492855453649
9.085590042342616,81.35409171446022
-73.31673289535858,-244.4290290733952
38.32868039466365,192.33378886727252
59.00230738569408,246.54493853450995
-67.3291100513687,-236.9818669940923
-79.13738252962357,-263.2167467655068
-70.89690344252817,-235.55030649100462
75.42551237970034,309.2523604876613
5.637852351271235,21.381352493367235
-6.54780079849948,-22.437762115829848
-78.65763617952915,-156.86386115665408
29.91120135139235,171.67597881722844
73.59991837901799,239.56968110530605
65.6371738646906,278.277158223527
25.210941796160256,114.15579956931975
-84.94425666966528,-257.7273395808238
-77.5205945647974,-244.4550147485357
-90.13820257803506,-236.00157674886094
-48.50415670150614,-132.4835312226992
-72.86770656792444,-238.14140789844993
-47.990391949513224,-95.85684297414544
-22.988388856207663,-48.795108942333215
88.59655681422714,336.1618778162479
22.07521195633842,112.9643719714902
66.99475713659245,249.80119880975528
42.07030014246644,167.70740014840598
-77.49937389467365,-280.5825380694514
47.184081274789776,147.58592348057027
-44.980223688175116,-187.35930223273488
27.821569398941264,47.77632855644062
-31.807605271402295,-135.31248651913586
99.53445265293183,359.6572325619151
-47.289704100644435,-140.35808522997368
-44.173905845146066,-148.17349861539327
86.13445111247967,203.68540438731097
-95.07111907273547,-234.01959886645705
39.33779757463938,212.00629765575695
45.06527814717563,200.01646607597115
67.27571548207987,350.83953781494296
94.88786212769506,303.23931157274717
95.12038383133049,447.3025994409569
-86.94464848670722,-332.56697354100265
64.36786455058049,257.22442219159956
29.26198673147627,58.72508730345673
29.468426874618245,123.8741988383822
-74.33001467706104,-220.84672646979422
30.03743328913066,117.39649995522957
96.49651612024957,393.43167862538036
82.3637139078894,313.2237211519758
-12.173867839029896,-48.7292738554801
-92.01040534278113,-330.3770845898509
-27.541301999959032,-35.84886836907178
65.27806232011105,215.78611663004028
40.29982029303321,206.81951954986306
-8.131268881208726,52.676148557366005
-88.97969296823378,-374.86461850612477
-14.621054435339474,25.472628841363573
-6.195012056423295,101.33859272475343
85.71110657882718,332.58906108599155
28.217220716431882,148.7144817722527
-37.66941666907022,-59.99269212328784
5.063652890144283,23.94866935655388
-86.78893843556799,-274.6472733475945
94.51364712994737,285.08778847366034
-27.988019613854803,-71.02631722196925
-4.426529017372843,29.412748221422124
-28.943205152615477,-55.49306688783071
36.50234602324002,201.0294472612191
32.446431665918595,94.82240192393864
43.06446210582712,144.09527953672008
-46.371354077615834,-47.524371972087664
-36.86630376718681,-116.54848187333931
-74.94975378075841,-232.32244886703802
31.101994369222524,125.50647820601776
-92.04057453286948,-343.2260521802943
19.53646710469181,169.55409541101164
73.93917697032677,252.4020488001134
78.1664296579267,237.2182276173969
-10.19244792600766,-38.21058160616439
-8.139262357385249,-108.57271833712505
-84.60616339839653,-308.6859451435469
34.15300508860716,91.12908791750871
64.25188407456909,275.75302580735803
-51.06898907905739,-192.4121737546945
-15.739823673327066,9.300813922297692
67.76786735305407,327.11173538915534
75.42409353245759,323.0430941779815
-51.36400394715481,-170.54342825804568
10.114126908272851,62.45516901423463
-61.50136987283459,-271.50404156212403
-79.62424717208869,-265.3738337283724
82.22410027839152,264.7624275710287
64.10150084642183,279.07157201994136
52.00698036063477,330.6620507244454
-90.24673623737192,-270.87249503211126
68.7457585420515,161.05314744944695
-12.39118481892325,-41.43065651195002
-31.520975340828073,-84.19886742417552
9.295272205075293,56.90132398077671
-81.72935145528884,-302.5933863739486
51.32930987047976,211.91717167852593
16.487015377659176,15.579511975837747
-62.68198062536649,-246.63236832303608
-62.35356004619088,-165.9475780814825
-63.150269685465155,-251.80910544311934
-88.59952248961321,-263.1877484390333
17.559689874336954,12.985725827376442
68.06963551770161,346.48501850154247
-96.50035720252228,-356.46474632903073
-90.1990710057453,-306.88007711028075
14.554055337389158,87.46985673538234
63.89913707721047,215.37948214518192
-34.65222188627328,-94.11247854839127
-30.077120238455564,-56.50208460858819
19.269299499355185,135.4732098729174
-45.1574221751706,-98.47610581444924
-94.67832678446317,-319.9646669357548
47.045703620319216,177.32837396893714
25.129982588290616,225.4103669602688
16.151199811131818,124.02365275142597
48.33682579836463,143.0877074782655
35.04616751240749,147.66099448170382
-58.82360236433577,-202.6397652140848
-29.503790611329777,-90.0299788358097
-74.777971664275,-303.1976587103669
-74.0285973164238,-259.69625232678095
35.23914927130784,233.9148111092731
71.72002139649965,299.9738899315239
92.54651677222782,219.35473829522434
25.669423509888873,170.6791569095084
-63.17973532780861,-146.64759750187207
-78.86993091021387,-274.0090234010694
62.57019430735156,274.8588572648912
15.751295271999851,32.15957291113944
23.657004202743963,79.28672889628601
56.29241775094184,291.9507801617891
40.65544554649031,148.70755741923065
66.89165057121932,160.63419390151805
-88.7572189080243,-293.8154273171519
49.50412734930097,189.33502607683556
70.17055146441908,325.51535859413974
-42.772991508337135,-128.98864917039197
28.089454798650564,97.23397622326235
-37.167587232605584,-57.83374805255925
91.5942132964908,346.61925816277335
-93.31528551289925,-344.1046333734333
15.958568766591014,133.60486871014945
-66.69929059009698,-203.76442883949946
42.444041035431724,168.70044195798292
-64.82194331626758,-197.98138203635378
-52.923347620328485,-218.76513524197952
-1.1258377908483794,-10.323121076886192
82.96698999937561,310.56359508945377
-57.65712557040583,-191.53312424765443
-71.1519957763793,-165.41056607649776
51.795366370806136,212.15407493417163
0.12390646678619532,63.178868765571806
82.35702247635427,308.71934639603245
-70.67708856803154,-174.55538580080423
29.185578604607855,142.02591294478518
-53.424170769636994,-166.31357342430647
-68.64791426967214,-220.93185439180348
36.6858830314541,100.6786592955412
18.736923981746642,110.92501994292877
50.96549167246624,196.3689841268129
-38.10748471076353,-138.4757944967326
-10.405668723562016,38.90324800813653
-18.90566473391631,-108.68062786344716
96.81789279330283,337.73783000493825
-41.55020865212242,-74.0397928434518
-41.03655233064663,-107.85178611125055
-29.090358234278526,-84.20920020261269
12.918816258064297,77.76603406073238
-49.53545114725095,-144.40337046293627
83.05798807585478,234.86983095119564
-46.8628870267473,-161.48319886101362
79.16314631203895,377.89709481782376
-79.30498727068307,-290.5336621862491
31.312540479930476,113.67884097453997
81.39710368764875,277.80882474131124
-66.25011232035409,-216.2261542871462
93.665392019851,318.6727305032636
-9.423327916897662,11.355427398761183
89.1430216882049,341.8662465232304
35.36400872600939,182.45141129638375
-39.68262602528969,-171.43624939796197
-62.33949501657872,-215.20525670217066
-39.25299075498012,-128.67159922303716
-81.396518147465,-242.10546801169775
-71.22640673133404,-268.95348342002086
-79.06791193070377,-210.955001544546
-15.411291251688453,25.381260144970852
59.115675251517274,177.4612459985313
-71.72328915673197,-255.57515679324015
-73.93591336553283,-265.37227219396954
28.685789903466144,252.01957489600642
-60.56340360638674,-213.46691788274794
-80.47799237820168,-177.79170121589917
-66.63028435888447,-276.5375950114261
84.74627917535523,267.12942880552515
64.29425055523816,210.69965035092355
-29.18708752898118,-124.43927192376026
31.164153465478563,115.67960042125004
7.455134733607622,10.654061431551767
35.4248526965128,103.01990480106613
36.53423049255187,205.79340654759795
25.746803011998594,171.30349166765333
-46.779726292538285,-96.26421710511822
-92.19871584743638,-276.4955576868109
-8.886643601978236,-6.4660993179462105
78.19477693814076,268.83018475019725
13.899451703715187,20.990205725248558
66.47820834038157,270.8235143629699
98.32486859224562,305.4555204455198
-67.27675917234475,-265.1647035619763
38.355527828396475,211.89001020962814
34.85871474000493,237.0379536761216
95.9910894716557,375.633570059119
97.12014679056006,415.24337138169244
37.33572234482588,138.38261233469143
-51.277041603561145,-226.35335491684822
59.71116762611982,259.5976676223485
-78.59417315779238,-226.61513988877013
56.13986083432573,220.07294061415226
82.0392248289393,295.01851399603197
-23.433321046312955,-13.906094733040447
26.127058996616086,62.15805481678258
-13.971453580634744,-67.5891164767545
-12.446989002374309,-73.96978684633149
-37.92582217837599,-108.4917294925246
52.42592409006491,149.0960837097643
87.23531283330104,291.11148589079147
88.15017184689222,293.23782335276286
-65.04374302501324,-220.68351720424428
74.94872993131321,207.95183243939738
47.48628828542442,190.56225860084885
-49.43251986194215,-90.64863698356365
-86.54307741569708,-276.12620233910167
-46.400546623124406,-65.3358559408694
82.44164735630511,375.24567504091414
26.635734979154464,152.11182478943334
44.21093217957437,178.4725547603546
-48.56952977818083,-148.86833481136094
43.87763111496406,211.7616975205372
-94.37569874441525,-329.898476080655
-24.935730845397245,-161.40109553226355
25.350669708466242,133.32754668477986
-70.78068689173595,-284.2858356178244
64.60071488938695,197.99544070333508
-52.99374023761627,-165.46689343186753
30.456222563689238,121.84053509523883
-18.960571484934064,-116.96578051305075
19.208719095529432,95.50509504101002
-78.50988947421837,-206.47763011671185
-96.61744001567854,-374.57811856816403
81.91288547606024,370.3192657086488
-46.07399824656344,-219.26753511946924
63.93540055609182,349.64010916486905
99.87006009444005,348.98218880636597
-57.71374840021777,-174.71726955941762
-46.96585176332888,-238.9821597959346
32.57195752693315,130.8950480208006
93.08972692012424,357.2381531063444
83.16286963814878,306.761938528546
0.5751040131169844,-6.141189806709235
59.02205650534492,179.24897184231645
-72.85082938001979,-178.45157185320372
95.48763684080245,355.7470856927061
92.87064680719729,422.08488265102915
-67.25420842416581,-241.71384722432649
-40.11537503937868,-142.1435473064362
-79.96900049864661,-219.11178951545494
-45.65648022036406,-220.9464288714524
63.19115788304131,180.49588458299843
-24.3368785669481,-10.304826416660184
-82.32060657064832,-326.71881945842887
-31.554895044219094,-181.3946834198942
96.27666684825601,450.3946933725506
25.936719051840583,41.087634287731774
-16.767810718768445,-29.481367599281075
-66.692297300546,-209.96878091569747
97.23535945673896,219.7923422676822
64.16980185262574,231.22845532579964
-43.70453950981612,-110.54522581040095
-85.98626085576211,-263.23644391922437
-88.6748885244884,-245.1860756455343
-75.92437009889323,-265.10986109139805
16.153716722884326,112.16323063470318
85.75268424109848,285.6679414398411
-0.6513143988031089,-52.80297121644963
68.58909649123945,195.17541893527647
-10.82267602803843,-90.98488885790525
41.716709153565034,216.4877804320373
46.37454745730017,106.58224064762274
-65.20725881933227,-194.5234638351978
-27.756788204837648,-90.44496842055342
27.46043130760478,110.97908090408515
-85.86067836312677,-212.33200951095867
-27.691962447408685,-98.84323692669406
6.959893256238487,74.93970447431887
99.24489860892774,369.23531270030264
-5.093287475511858,-5.427451445926395
63.21135142286471,356.23818619935014
-13.586542986676449,-99.61998773913605
59.27814452394179,291.9300976056685
19.082960324021684,119.6106894085745
77.31908830047968,266.64055932008966
-17.81148952997802,39.12571251715754
20.860883964295766,0.6075882556083485
26.003736123765478,84.9247435682256
-16.523411639905333,-98.25605095312247
-71.13759126250369,-208.37739617518992
-81.28811861753289,-320.161620220724
-96.66568988007339,-296.6767172431909
74.70685284904292,272.1521641805725
-52.70501755226109,-188.43525856571802
-57.69865014364639,-162.51291320109684
47.20708008521311,171.7936991013427
-35.99677738252166,-160.42046299177773
1.2089384823673157,164.29993417003453
-67.49778694050875,-240.60061344323785
91.94914429239384,230.9415510157777
70.31628000344747,224.00204552599675
72.75792459300067,211.28890165686582
-18.645250285598962,-3.951095197570588
52.47224274143457,219.7354825746003
-71.22476892204396,-209.35105113763666
-98.27619948164394,-342.467821477616
-96.00541348439438,-329.98645954822643
17.32034748091209,62.07466100280891
-8.921018950411835,-15.283225533214907
3.603069781703951,74.3774160042056
-98.50737191655612,-307.9720310826791
-15.462676068514853,-9.11372475875865
43.613632240172166,197.62565825306274
-11.461259606512826,24.107713246292
46.443841262444465,196.96094649556835
-53.39620712063304,-148.94432128826972
62.628400896345084,298.6397151968656
17.686248090690455,48.649572417260984
-57.847380114018755,-225.25295939664102
-52.655904829233414,-223.59174686165974
25.606092913907403,118.76705337968872
65.98791864248867,158.27110318775414
-16.874443594168966,-15.952847776607513
-48.33991417448156,-154.64935433571307
73.40232138212008,333.6401098284731
33.853658350166995,104.89193870233495
-10.382902543384702,-26.5060731727218
-2.419960944139632,67.64030336017973
-59.14870641272072,-117.8636901056149
25.36052601296879,74.75422275779977
-28.251497891422275,-69.79118099061996
99.12903533486985,381.6725725562469
-3.9632969476224247,24.81113096437893
-2.822878762077366,-3.0088586330518883
13.170357482134378,130.16542109365207
83.35120062374935,217.24402800204544
60.163619971950055,209.516158161771
-9.773986040431708,8.187585497136368
43.7398531945592,195.95072677842438
17.247099756152323,148.0028006772713
-1.526590259750222,74.56820375093858
-61.53684544312989,-209.6560403163158
-7.212747309021822,59.74894659495386
-50.83628259548507,-193.62907627307052
82.96842997033093,356.93387403575014
-32.91863730073061,-4.689106631507471
90.45280290667446,397.3320155161091
6.611058018942245,48.427222242504016
26.308875735232064,95.49212648470612
8.58808889786556,-26.371253670434854
-74.12387660665982,-223.90658622759918
-24.8357561984118,-122.68600809298727
-80.17077754447521,-300.2544545863601
24.590808836676345,46.53054089153363
-10.625160959912222,-40.207679992525534
55.596994314187356,213.19100937530663
-55.90590380012603,-161.98993424215584
-67.08678831413302,-244.82909087016372
-18.733553807246437,7.896746994396629
85.31707664367622,308.1995053533684
42.08436300248235,127.90914884541226
-16.215275041416263,-25.4388492827851
3.4544339508621107,130.2681605052082
-83.15739776458034,-254.2928638492753
96.91517927522261,341.0603460945988
33.2814609389838,60.11204548050809
-42.919186307315506,-141.1877681242078
17.16167884304886,91.8122822050768
-78.1035267862012,-272.7413883144827
93.16733376151672,262.81643625325853
-65.04300242332681,-250.17877795681554
29.606063611042828,196.34814568303779
-50.90910749221391,-86.48182603622564
43.51227652970715,127.96100939374512
55.364273448056224,247.4127964281679
34.68394578228654,82.46517099949423
22.899892051038506,170.3654362783824
78.49381879040234,306.99015816112
-84.2746578020484,-227.4792273763427
-33.817046843960966,-184.11433131299032
-50.34250407383081,-122.31690916216343
97.60279241308433,361.22607026157
-22.122044066625307,-14.830700693646449
46.52253984807976,228.57227937317163
36.94503277620092,152.59684919044068
-57.583752504524455,-211.58461572063132
-52.200463957689735,-123.71681474293935
-43.74308728939318,-136.1085304831325
-17.774544348124152,-85.85015289481666
-53.13498686989464,-211.98006561751552
-96.06970345063044,-390.1021828928256
75.87861136143908,260.06058178688363
93.1219662761768,401.0614842703377
-31.685922593686414,-82.00923909263072
-32.29862411490542,-119.53356969832102
-98.5816374451258,-284.79293414893635
36.05013766607482,104.55165074509242
65.08797914972575,252.57544074067906
-70.67833992799936,-236.35570838427356
-68.06673012656985,-179.27702416357687
58.01664999428755,144.19685643403136
23.258149670828928,58.89363655716846
-91.0278884744566,-380.50989261532476
24.509398092456337,92.80305723313367
-38.216455431246786,-53.18621882774222
-26.254968905830808,-97.16475165308418
53.946283659376036,183.2777958980336
62.18703853452212,281.24085608003423
-19.928674632033875,3.6771167106464233
89.43058720127095,328.5785018410088
-18.70745640958556,-11.240354731054843
54.367207046021974,156.4374976171796
-3.2245470871481814,77.61280189125206
79.50646530441679,405.70794326231135
81.55224873003573,331.4936601145613
-82.51663842578323,-373.0248155573813
87.29866626204515,297.6338187972688
65.10696830408313,278.515655147757
58.26214286253338,202.84335016054868
-59.817732062895516,-125.75213450762942
61.023841750932974,262.99130935005866
70.02654693700737,229.76913924123593
-42.16993310916981,-125.98152534353171
90.45201567246474,291.8903938216721
-90.02797072016715,-304.22714144120715
-70.01814935057206,-252.7931847486298
7.516227610302863,105.04488664771193
15.158494224461933,178.8553326271665
29.030016660180678,50.04564164884478
-96.6061741369067,-414.28242378966104
92.07335492442604,329.9981211429219
-91.0823814531712,-374.70912002753334
-71.38760945531952,-227.54605291007246
-97.19709649478861,-282.7430320414638
13.37168665881893,141.5079981692075
86.45337678419446,332.65654668044465
33.18943321609285,126.50525501384601
64.53149369608548,146.94098210764497
-97.34375930828398,-319.39390011970397
8.403059695945217,52.975071963281344
-8.087404498895623,23.641924964502586
-0.20641115584139413,-16.146844121899434
-85.5573629329624,-301.2034002771614
36.8870722138615,75.20463998330602
0.6440829717268883,-92.31034994315914
53.02976997225278,150.17934036304558
-2.941873187656924,-68.81284686945006
-70.12367275471358,-208.59723987046698
